balance,monthly_income,age,savings_goal,last_month_spending,num_transactions,avg_transaction,next_month_spending,spending_category
43708.61069626262,31107.97573031718,45,15884.999759936567,12377.350727414088,17,2898.876001418277,14791.84258104643,0
95564.28757689246,52514.05684270149,24,45998.091624532266,24475.967203890974,45,4330.814731167984,24773.341267836564,1
75879.45476302646,72376.7501525845,52,42721.94117955672,34977.26909669007,38,783.3061574052848,8084.978518677724,2
63879.26357773329,63933.49318457367,45,36922.23351893259,34227.3080909257,28,2889.1116693341955,19478.293325412244,2
24041.67763981929,68393.66887168698,31,47698.068012400865,37457.4313205204,44,4353.1001709814245,31255.629153411035,0
24039.506830258237,59527.00200264304,27,6413.9819680072815,17806.003334490815,36,2957.2182106715004,29269.02987001654,1
15227.525095137951,61536.59387107115,33,38129.01912773429,16131.735039282155,36,3618.2694728223073,39672.49580102626,1
87955.85311974416,70951.73909391915,33,19860.92507013824,31229.910209328304,34,1923.0134822798161,14726.18940957146,2
64100.351056888794,34980.08053155115,48,45772.964855886436,20088.934178395175,17,553.0026334816264,22436.625471089268,1
73726.5320016441,49365.497818588425,59,17000.383849788992,8064.2032409723215,5,2343.71144612265,16533.564482089885,0
11852.60448662222,33272.56650917613,42,37618.542469175765,14898.039573467491,38,2032.949015110402,20421.108992071117,2
97291.88669457949,79260.08047979881,30,44494.115884285166,19650.379993602117,19,4348.594893656842,34993.25454542859,2
84919.83767203796,76643.56038119679,23,6874.556827220709,15238.07489166882,48,1295.576981527114,28947.31763159703,0
29110.519961044854,22365.608682110353,61,22894.141081641625,16627.194983156256,18,4836.997714922029,35885.441697165355,2
26364.247048639056,62334.51035094131,26,39303.90644098724,15282.156716103676,33,4794.8767870420315,12122.888791616026,1
26506.405886809043,75514.89904493996,62,25471.350027841418,6452.470851407781,38,1313.3950510500497,35567.63912445033,1
37381.80186635839,30834.52070764001,53,17026.36834071179,27298.314528855488,22,1805.4545818388704,7091.679596243455,2
57228.07884690141,54076.713833157766,60,14891.240697043551,25905.234712371424,11,4488.223130282036,36100.97481530033,0
48875.05167779042,74929.29785528251,37,10918.322011237007,27868.422446753822,33,4836.448882390927,16517.582281125477,0
36210.62261782377,22036.75871514793,35,43570.8301935327,11730.846361176962,35,2272.851603896616,16010.567169492328,1
65066.76052501415,61845.21603481039,60,30890.99314632002,15347.908956436984,29,1672.8855236403992,22923.100184453237,0
22554.447458683768,37840.94044235305,38,8437.32252461552,26686.55744307228,42,2677.860664932556,37924.15657031311,2
36293.018368169636,75463.77172259183,21,22216.114560678594,25986.964896097248,18,3470.0691111921005,6672.347763849188,2
42972.56589643225,78263.49470992206,50,21548.014286229944,22721.560827399375,12,1440.025125337401,17328.084127476086,1
51046.298579533235,76655.98934680603,44,13178.263581925834,17264.46375035691,31,3708.7185556334566,34980.01960391675,1
80665.83652537123,48452.85299944783,24,24597.843146248582,36952.58516711414,6,353.1210498617411,18861.906710241336,1
27970.640394252376,71722.55905935881,23,19944.471442691138,16891.958480459532,21,341.5430145456406,11970.491415897344,0
56281.09945722504,70672.96391210423,32,20381.166747148214,20946.670475303807,41,1992.8097552131717,19867.79634659941,2
63317.311197583826,39146.02839459534,35,38256.19510045814,28733.984083397307,18,1832.018641097531,18494.337552208424,2
14180.537144799795,69734.92844904064,49,15046.852347733833,24005.750080336744,29,1646.602755299046,37039.56705133462,2
64679.036671129455,22220.45808292956,28,33883.69814849099,17141.009172753496,34,2505.996837077659,31667.703151008398,1
25347.171131856237,55776.19270892318,37,30679.23307464207,20247.567665977844,33,1671.594553326699,22679.044451040223,2
15854.643368675155,33800.53023726218,41,30564.163055204026,32806.82862487271,24,1042.0638004936504,39592.96983525499,0
95399.6983528,27234.013146636727,32,34835.330576379914,14734.520442031435,25,1616.4007905341446,21284.713594657318,0
96906.88297671035,24617.19209775255,24,29677.191628804427,9978.93339218854,26,4877.030936770151,7038.324078709633,2
82755.7613304815,61777.326552688384,38,44566.480168087306,15960.712064042198,39,2114.455743274758,14179.601263524472,1
37415.23922560336,40392.49782608397,59,35401.10413776169,34733.697542076545,41,2279.092606605845,20262.46680767594,2
18790.49026057455,63486.00629172569,43,29613.346311712467,8114.640019972133,20,2925.070450760586,10491.591845114202,0
71580.97238609413,23921.380447936543,61,42339.34041294402,39709.36256803582,47,4918.3697652297105,38164.7794213415,0
49613.724436564116,38917.42026983662,31,32276.595422006587,23935.10146246819,21,1283.8462545352388,31839.71142362206,0
20983.441136030095,52369.47754252023,54,18101.491150333055,39469.60103884829,20,3438.282341608926,14390.052014972043,2
54565.92191001432,67443.38989033781,38,14319.271317945704,37864.874773009215,6,3608.3249983544483,25678.158673127054,0
13094.966900369654,39125.150175924195,35,11854.750354820546,20848.479997382085,8,3075.889642286023,30250.72049883502,1
91838.83618709039,57553.48258622055,22,45475.48456457457,11947.187611187219,25,534.033864219556,37944.76251173793,2
33290.19834400152,73158.66489417123,20,36956.09443091296,10770.967179779846,43,3416.674151555125,35857.237221139374,2
69627.00559185838,56951.79129093827,40,47182.029717394435,13399.627735448512,38,414.06408407725985,23031.72791483748,0
38053.99684804698,33977.56848521803,43,32148.131257172434,29854.642419758806,34,3021.098982794495,32112.841692755614,0
56806.121906002976,21464.046893392282,54,26303.039667271063,14553.249815602074,10,3723.947768386539,24675.066383965474,1
59203.92514089517,72205.9324340558,41,7687.24200369002,16949.88443615044,21,1133.7524640377571,24344.636151593902,2
26636.900997297435,21276.164651023228,36,35223.90266957134,20707.258139811518,43,4223.947836959593,9015.968541836715,0
97262.61649881027,72482.10036105197,42,31199.3941895704,36963.143814750976,29,248.7336471117209,9414.818030565322,1
79761.95410250031,51736.22804163272,38,49559.40021144297,11628.769625969613,9,4234.6830319257,23533.67652578601,0
94554.90474077703,76344.06191077377,29,15762.145000200937,5175.929341343109,9,2355.612348149549,14410.15407426523,2
90534.4615384884,67926.99414641992,58,28883.180987907614,7103.374363235955,24,1166.180905665058,5736.291586116402,0
63810.99809299767,79876.04663200025,50,34293.08008031327,36666.821958804125,20,755.5129104704432,30299.37213650743,2
92968.68115208052,41042.708927102605,21,34006.60286340547,27663.076269517707,45,4771.205121153625,6137.0308841557735,0
17964.325184672754,66031.29733586762,59,30258.209432678123,14556.421676473237,41,456.0613791476679,25834.689438641908,2
27638.457617723067,44115.85481655453,24,39961.76046472514,11201.737535391689,44,1075.5577576860358,23871.782794456005,1
14070.456001948427,48792.53721823453,39,14224.154428706739,15299.335782299002,13,1804.3295024219253,38908.514170223156,2
39279.72976869379,57650.3277931022,50,37653.22401234871,9017.892453794804,9,3139.1507599094903,21947.459877167457,1
44980.95607205338,72420.62685118034,34,32888.05571448901,37953.65185995544,46,2769.525317852882,7226.050273222907,2
34421.412859650634,79045.0081519577,41,45323.3800307558,32447.21610278434,6,715.6531128203385,24309.078873226157,1
84586.37582367365,66096.4048318711,51,43123.74975651118,21183.691191938924,13,1519.6671203172516,34438.36597156355,0
42107.799402423036,45066.00693004002,45,19181.6167609649,35273.691179032074,47,1269.883678321518,39889.724949850395,2
35284.10587186427,45281.42013662421,60,17430.679623881886,13731.03715026313,40,1146.3599870026728,20062.01107911754,0
58842.64748424236,64254.93809533349,58,49174.399573360155,30099.219896526774,26,2114.607248751937,16210.455987385987,1
22683.18024772864,34326.62874609814,56,28726.933141186546,34964.63746548102,26,3549.754117699119,36732.86539331997,2
82197.72826786357,26628.44678788368,39,45788.943376149655,17486.90490681454,26,1165.5193678644562,11693.474517664248,2
16709.557931179374,41277.32945844659,34,12374.646070121698,31511.25559077512,38,1896.7265105446088,26540.01202615243,0
98819.82429404656,37234.3394992449,51,33926.851166007844,15327.532224250828,33,2015.4953915216952,19200.00484633317,2
79502.02923669916,37778.48722735941,23,41443.708431226376,15459.999734066078,42,4884.6369942335095,6437.882773444435,2
27884.411338075515,34016.4650629946,63,47632.786231390106,8747.001249396511,37,4777.865148707438,17155.09660069942,0
10496.990541124216,22525.591378181714,23,20180.306345766054,20402.031627828954,22,4020.674155485172,14282.998287593611,2
83391.52856093507,21072.43608400483,51,37624.15264658236,30539.916727409778,11,1284.1287120140073,29013.19038802204,0
73617.16094628554,79263.34338416188,18,29246.585406782855,37907.728194994976,5,433.3828390491815,38207.667419217134,0
75610.64512368885,45666.38802415174,27,7728.301672991069,26132.894717518364,37,1652.8302748310614,14381.65155825232,0
79414.33120173511,43059.5988295809,38,36049.98817890245,35209.74382075087,5,1407.2932922257712,33401.30787030886,0
16664.018656068132,60778.83696158419,22,36054.34512070296,33787.31272515794,28,2579.03642071733,6937.593592844333,0
42261.915568984536,33095.23327190385,19,46877.30621809416,11067.00685413483,8,3910.866759332186,23834.23535139346,1
20428.215357261673,76997.67103701353,39,27379.060077603757,22003.610011942103,8,4305.782400506404,7469.25222984631,1
87679.30832880341,67180.70086493313,19,15361.29143197316,9092.3237433887,22,4239.834018511492,37691.15468957237,0
66096.83141448021,25364.66013873557,27,7005.372055190562,28875.360654657223,31,1862.410249993032,31822.294819508657,1
39780.82223673843,45054.8465470957,51,23703.898400865757,38246.488388612655,47,3467.4482829573462,28028.246892160732,1
15720.251525742127,72747.09845372988,33,18586.251503487583,9798.131032756479,36,1632.8875678686782,33836.373356863245,2
37988.4089544096,76683.92133748461,56,39248.9737710744,30685.909578088947,37,398.4371618523953,27663.19284495571,0
39266.49898240723,48044.090674992185,39,20942.049417847098,27128.335280375133,32,3537.669801454417,38913.05390110019,1
75664.55605042576,56804.68335264246,29,47708.20383416798,25426.17629528349,46,148.15500759196044,29988.528175267,2
67380.17242196918,30022.036765524514,41,48303.95913445029,18654.208214091872,45,2104.994678546594,37363.05133537864,2
89849.1468318694,79470.11756821859,64,32940.88655979686,17429.60767138344,40,1713.958419580171,23099.616220372332,0
52499.34326457544,33900.3020830066,57,46789.712915669734,6583.721615661075,10,3497.549938742377,9097.254454365193,0
20763.482134447153,76563.90644810753,55,39238.4455031523,12626.804788820471,20,3854.6028165258567,23486.2202498056,2
74192.03085006955,58978.79893954211,27,29608.683843880677,5531.190880038941,38,1590.0637162592907,9440.548982208265,0
78470.65437552077,56464.20769273155,52,13113.857094025016,25349.598695370718,27,4076.972370779782,25737.271771174175,0
60514.94778125466,50761.310660990515,49,25636.907458122798,8704.86325572681,46,1540.1921264741754,21887.257118468202,2
79387.04619591049,33840.18870306552,24,30239.35085131779,35555.67879104006,28,2286.99916393415,26790.13892414736,2
54441.603672795165,30591.681920330495,38,43878.27113307546,23310.005724400784,17,3662.390782369256,5351.644336919106,0
57045.95464437947,33229.17254421052,37,26660.00194410492,29489.146817054796,22,3495.309123201464,11819.417207937742,1
48478.69165226947,31186.29572865527,43,45395.36027050805,19379.998214417377,17,4938.10551432978,22196.56511692458,0
12287.721406968567,66775.06841400519,21,35345.7040560561,24620.293315036703,41,1203.2890186580662,38267.62465561972,1
19710.2284293974,41007.51555000381,63,11164.957837415212,37993.07119383207,47,3345.3577763439534,18426.316412430544,2
12828.626711806082,23470.56059380378,39,49774.16161962918,7895.691386828477,43,3087.4413505513094,19853.02091187721,1
67276.93701374024,78146.15780844868,32,28725.469733926067,13887.822017329365,46,4583.982427001147,30014.363115231776,2
38292.0382968694,73027.15309780554,57,22633.62333840855,32299.59144186905,21,866.1744940598877,26132.746505014133,0
55771.36220482325,75665.13699171279,38,34660.11940112869,8455.802240893305,19,3783.8110015759717,15462.415253441663,0
91680.98265334837,79694.46935878613,32,9900.199129146758,7648.13863664388,22,2884.5162197169648,19378.573844859973,2
32436.300623398743,30433.714953169238,39,33644.239103900945,17653.948956391352,27,1445.8627619607366,12619.492960003136,2
46934.46307320667,43774.52113415953,45,27420.620022467283,8225.87854653513,34,2424.731079321153,38810.7510695573,2
77999.60246887438,65494.308542245475,31,23300.33314993624,25477.745477217108,38,1735.5053256420092,9572.20335450759,0
30591.83489424602,61761.237083227534,44,47885.90095305046,12919.633778580994,8,2938.6356736634584,18014.287459824678,0
16928.191884591368,29233.754380391303,58,28514.287252942395,36349.428711978035,7,4456.102992991862,5904.3640277003915,1
36077.63076223912,68949.98749943706,57,14860.28657614723,32422.502829583984,11,2889.5944236197897,12762.282217674125,2
24509.9158528604,33466.43431019964,45,25653.35657197844,29489.682213481665,22,3195.439849800262,32316.489843305422,1
93672.78871083158,33429.05688935739,43,46372.43320577027,26593.04095845757,46,2641.8644508620764,12041.133130110782,0
82730.83416079753,52218.46537360481,19,12924.29620987676,35221.30056195122,11,350.71098158283195,7802.219088513796,1
67006.33808593811,55576.39609050219,42,14628.06674097066,12807.17215399649,44,1241.0069286928617,21605.861294558315,1
88431.4531168946,54805.17247026867,20,5586.330549068769,35558.80949674797,10,2510.8084742172055,5348.923215708147,0
82330.4869209203,25489.21024386529,25,5638.552222809523,32632.230444841833,26,1620.1528903490535,7966.815404921661,0
26791.305299743224,72647.65175782282,61,42322.62321313306,31185.628923568995,5,990.6416290298516,33266.905434704124,2
90330.309864098,35936.00255532237,50,37945.51730793301,24643.948732622343,8,2570.2509254003476,32001.567070086225,1
58540.801772408566,27770.89527696825,59,20976.847540338124,13618.545633971004,47,1681.7679878944666,37029.858714171365,0
82669.61396476562,73324.88479213863,52,36424.00207524077,19824.17705971637,33,1364.7274515497322,34908.04025687624,0
90648.21699311439,77339.0898937852,23,22784.26668394866,32774.97290885806,25,2373.528545457866,28911.144713393634,1
38620.312747467746,71727.65703592703,56,47880.35581990224,6112.246952506355,30,753.0928646026484,6831.650005523199,0
19904.67320749091,68570.96448349269,40,48517.37066417157,32371.77692423154,18,4645.954092069496,32399.701629533014,2
30514.16462877475,59314.518838341304,42,22675.719911420452,13402.475917064827,13,4351.740279804271,34592.87837941962,2
48439.70097636307,53051.442236548355,60,43439.985785339064,10050.822025256106,16,3567.340870128623,32967.875102018406,1
83621.32893302439,25219.20559468461,36,39789.006876385974,9049.546136310575,46,620.4477551834354,22796.766235780913,2
87465.7524930709,44507.192784241925,22,18949.997172730516,5953.750418278529,10,3901.7985469014957,13151.564352731857,0
10625.691747807163,42361.31102073884,28,15441.792300549769,23325.526982750853,24,4058.990907734193,34586.549149105434,0
55967.25723198092,35585.22702561957,29,25620.559267677523,12639.095544280532,28,3862.0466268002547,30450.698340904848,0
47566.99028339011,63405.2068213151,27,40160.697827648284,39630.1118022871,31,658.4328468842817,39326.64110360981,0
29989.702942365722,49752.54410472625,25,48207.550312793544,25105.286455527203,42,3255.1489896320472,10449.240921457651,1
20787.883060031454,24862.772954458876,41,39361.05809899577,9825.984427460364,12,4188.191499172053,12898.260406821926,2
40385.36542632652,33210.99211698868,45,43484.31432582665,29106.688928397787,5,2929.0316659763716,12412.935245852594,2
94861.87335212673,60995.525819575756,58,32137.893777673245,36421.02482784039,28,3267.396138617636,32738.891866746784,0
39088.26388186797,24567.85156941801,53,42593.35238789566,31081.282337936504,11,2345.9810491889,11541.755375754135,1
56691.15595690295,71072.41484292611,54,40298.9386101538,7675.395136380668,23,2690.665867431858,7333.094043815713,0
73271.706300566,49708.791620838456,38,21964.349386682603,36355.94634174308,26,268.44660592345355,39949.628230497,0
42726.66421413646,48835.19463959888,25,29839.56359543245,32787.528505098766,39,3230.9188076690943,5868.60240058022,1
97460.38744488647,55544.467079571055,26,41213.890489536265,10540.636503696503,34,499.09134316668,34233.54210556029,1
96620.25654479001,69480.85795550895,64,7072.553038548037,6812.50610564859,33,2231.5715122670945,17787.83945427285,0
32660.406624282776,40868.55247413158,32,41363.56770601235,24505.870136000798,26,1534.0099785702982,34456.54109152353,2
54752.36553031469,60680.96915354381,63,13004.965582206054,10461.253396899192,15,2772.596956037394,24411.717192390075,0
37079.047883509265,53943.91783974746,57,28160.762770464753,34210.68334083453,24,753.7400440637148,36557.0930320226,2
35635.64449397208,36021.696210165275,35,41372.394780017195,17541.71298350858,33,3489.052669669259,37416.75452451193,2
13319.825261907952,72717.79918130947,59,16421.94851705127,36951.23556578014,45,3995.556530949505,5318.43634482716,1
64860.790058190716,67845.56129641569,37,16061.334768776886,24799.0860249352,46,900.4368037414669,7639.426159747589,1
55241.11209059753,59507.11007950553,23,23124.397930801333,11393.533448388385,38,611.1341280242226,13762.555534979942,0
14633.087612499043,71034.9037456545,29,45258.92589099355,9885.960357593003,5,813.0258656580598,28426.03957272256,2
35078.18178129503,72037.65205758814,19,5019.925164674355,25176.535314521385,35,4397.925053302659,36089.52687790271,2
91743.92973699883,62501.778602902086,24,45562.23934888707,31665.92641518554,34,2688.127382606145,21097.968295288694,0
31560.570160027517,70220.79970182033,33,11921.31610887235,32352.697670976373,22,2389.5788804367626,26244.05906959929,0
23040.538488210077,61848.287700157016,20,49553.88692303669,14651.509155444845,21,622.887913601536,11597.494847844639,0
54050.74842498067,60808.446305618025,62,47968.11468673107,12148.636561925861,42,3282.8244331091128,33173.83918585899,1
98708.54086995406,57116.68269291106,20,27260.38353160775,5586.470657233384,18,4353.198000285941,38856.48389737144,0
31784.974436035038,65162.998373458475,44,28072.411151568267,28771.97029204093,27,4158.11075968492,14400.96265201091,0
70492.19926652906,29516.30631758442,60,26669.720312413443,7679.889045173864,29,3167.6680740059264,22318.908306019122,2
78545.76537958458,72852.2455519357,57,33594.964054678516,19726.642061807404,19,468.8657115932008,8014.063867723084,0
31387.37895931597,72310.61166471391,55,9082.476600571896,26058.875740640364,26,650.7454331624635,24569.782976203893,2
75539.47137506737,21754.83698207355,50,6467.807675370493,37798.81307218869,7,341.6140368381409,22597.42046463382,2
43100.48194473279,69549.00503388577,45,7596.6317787154485,15913.074793451902,23,1361.6481608130996,10055.276945427715,1
66907.52475342216,27732.192048406712,18,24996.440715868146,13742.025685628192,48,764.7411890858509,20472.317459132624,0
67017.67396848052,40107.13125554851,25,17399.657264876754,27895.605400013446,38,1374.235397236926,16693.662823029714,0
58219.721566728265,64610.49537749647,54,32991.78030669472,26673.36612187536,39,1986.7844730229122,23264.08063568163,2
18126.079304896746,29645.59376289849,49,49659.90302186505,16623.842415784362,5,4720.615641948565,25497.901740007972,1
85177.22460303141,69078.02144714372,60,22384.542788440966,37483.56424284253,25,3090.842692930291,5297.345251252333,1
38870.20584745622,69928.05067746452,54,30822.856434703102,34570.181462137145,33,4191.371549846515,31635.209403234436,0
26786.66593598688,50448.06402565017,21,23702.175315830096,12839.38910527784,10,3580.722353490428,29955.50021516093,2
13669.762739928752,20383.152303010014,47,43127.22504748367,13369.989090208312,41,651.2653395804956,17820.023517228277,0
63180.36488694177,37222.28799049476,23,45600.63815580071,22930.51214104782,5,3706.0099912323494,6852.757744908639,0
70980.79256580542,57015.61510254453,63,44481.0025492367,32075.023560575213,5,1447.9845196397098,31422.638892476763,0
11492.904603507053,78871.17068164541,36,48846.75074056659,6541.413278596254,31,3231.628450274061,38431.130616734634,0
56088.37524693529,57908.8116210001,49,6238.363331318688,29266.730380714733,25,1770.7136708506437,13405.305860770497,2
30384.619767814416,35588.214863849586,26,42791.727296548896,27688.256408373392,20,4988.59408999683,16323.361480796326,1
68065.5511368505,58040.34218597668,29,38829.747786759195,13101.803356954588,48,1391.4022495342113,11433.451131863523,0
25692.97861044923,52399.12278295133,28,15291.248423016415,28847.355463447206,44,1467.7393067939213,25192.76431706939,0
72184.39642922193,66790.72370906861,63,48034.40420243874,37906.41169382289,30,4660.294052255752,10419.448812660923,0
44806.181167048366,26418.838329617505,33,11668.006770347547,6637.5045740118985,20,220.75758271798108,17466.78802114828,0
94305.6989863061,65661.67415012169,18,35579.74672102588,16187.82193522219,32,3513.776040578665,29395.455487699204,1
22376.884973139393,52475.99472056662,62,15120.059756716062,20336.185083322434,5,3654.0993146058026,24604.059405327193,1
40695.97159452327,77779.52023153967,38,24412.12919483336,36474.112562364135,40,4198.255029310957,18526.189751477734,1
20212.616911653015,40512.329962321164,47,37362.195362505605,38679.15063132048,14,4874.752622128529,19708.73606326397,1
93222.42564507065,57957.313588036886,30,30349.6088914871,20544.03362737163,47,4880.449403867597,24673.88089181303,0
88960.5418042883,75921.68633060105,51,24237.582409765026,31250.994424976692,21,419.8561120756731,5205.265476050646,2
33214.74649436401,26150.583679440755,21,19685.229391939425,23608.135831756903,27,4127.012681489223,7747.845395876345,1
69398.56414307612,76233.70923418706,45,42784.684506895566,23822.402715948178,11,3266.9186749211685,35844.03237170541,1
83549.99801810943,61273.1433380488,55,11471.645764166617,14733.483027322476,48,3271.976458428147,7725.764618195177,0
59968.07304395161,24070.223546310313,48,24354.629443841004,12593.468605235783,11,728.9146404120045,29738.12586736768,0
57668.552052040584,38057.814016808974,44,45669.0907298814,15080.18710734144,48,3285.917115583701,37201.335743816846,0
31766.706181040652,62490.325318716896,22,43063.22977069855,24471.480253997775,19,4914.164644946114,14473.926150560588,0
18379.24910253093,24041.0360881263,42,23042.379311287103,6020.4315107731145,38,4567.91099074329,17967.200297083,2
90749.41821579941,54930.227610576396,20,39339.87636205887,36753.7130524742,49,2251.7402379437676,24912.24920456507,2
91037.62514469973,40752.983417177405,50,42042.23738189867,10469.929834242168,8,295.74506910186227,35859.81393735047,1
66979.13115459411,57254.93106604863,21,44999.93408016334,12703.10369049853,18,1875.2381010010038,37966.6955541147,2
40512.68119438306,22744.52202875077,42,29502.75960721526,23139.666175667622,18,4149.312526842721,30884.71368389438,1
41428.86171513948,72292.20836914258,37,14200.73987246203,29854.016821804777,20,3537.3455971793137,8031.69162991429,1
75336.01109832154,78409.33815064382,51,16488.908442676926,8350.516916053904,11,2350.783912410386,28420.39544371978,2
90739.92339573194,78132.67131714149,43,18306.26033187219,16119.314414150676,36,369.99752227827236,19360.630265543172,1
89837.77818386056,64979.10990457548,22,31721.1116364327,38903.6111951025,23,2191.784166334183,21474.534982187157,0
80188.79912718615,27805.17440783792,52,6476.433085787379,14182.003837333099,6,2398.2222046176294,6720.193662081197,1
67782.84815388589,65495.79175574135,45,33621.91109509858,15956.75507721014,14,4649.922111181266,11687.174877122536,0
17572.596849554393,21475.214987528092,46,21395.94072927044,34277.44717163117,21,3241.3219075525813,32667.976263677672,2
24546.58426851524,21327.413091739836,26,18285.881112033898,6757.505109165933,41,1627.0992916077796,20888.55915667509,2
90869.87696743713,39416.61314897248,55,44577.345682765685,21261.46090831398,16,2674.059495808535,15558.17845709021,1
64578.61536936309,49318.59142427995,23,25700.10780113595,18286.586755808457,10,423.6710083285843,18440.667588773536,0
10827.734645496668,66224.44506846758,36,9277.387048971175,16080.53659680279,26,4865.58435468371,34903.982966398806,1
19132.43885794289,60997.72259639031,61,42203.60456118111,14999.485791566758,36,1864.2935194605575,31214.96560917349,2
69715.15921972503,46754.1623826049,28,7143.856584642797,8198.093670114322,45,2441.5500390743655,14531.038901337897,1
10455.542546159682,36417.59997689995,19,37703.71508756885,16018.904027307708,24,1840.8914737609207,9112.564407433067,1
24472.724627574877,79827.47000946268,64,39825.77997967993,6506.8340950484,5,3444.307477569381,13819.93775754251,0
59386.04104299275,45570.87813415838,61,20867.117266798617,32333.735227555233,10,3344.937575815006,37226.475786915675,2
72270.5677923424,47083.22145978053,61,42115.4535325004,18937.97278853041,23,3605.0793215927647,25355.609324741436,1
68676.51335523406,29817.42927150015,26,28204.673263540404,20536.634131196908,22,1413.901825098412,23671.8073060674,0
30184.23785145038,67688.57292499577,38,25848.214397275857,36275.810525754605,10,1646.7755577039234,25873.775989236154,1
74096.12992127822,61620.93354688932,41,7043.147666091165,28031.924435142726,49,713.7310323714189,17810.989301128036,0
31352.417874712006,33246.176767325625,51,18051.313714200765,5282.068616974193,37,3311.9988620459517,33248.74571118294,0
39285.9728343341,24942.862736950563,39,46895.44868983849,38011.118803644975,27,295.0059239446975,23315.018725508744,1
77184.22646062217,60829.958124482786,20,22632.0783477575,13300.056309219892,27,3028.6434440649496,9086.176596907844,2
68466.96091424933,59270.672856868114,29,29601.523425054573,8766.49646659506,30,4361.509835773006,9517.279369017204,2
86430.106944476,36395.57161989256,45,28940.97555429133,31884.486243330877,17,4465.077526619204,23790.070127591644,0
69185.1603070309,77051.81373502463,47,31569.3990420212,22516.706055335137,11,2300.2850258128124,37779.957632479374,2
61147.77430019245,29063.473506854014,43,7759.893003947718,20181.969810630617,19,2350.5880722440616,15792.324258666957,0
18430.729104528324,45940.08806255611,38,21297.931465942773,13732.607788895963,48,477.14899673928505,35433.94091007264,2
43094.42227534902,76616.95521005592,45,37540.77232471494,24161.50214518115,31,3386.748624670875,31743.345530260776,1
33868.21309135529,45183.63901556734,43,14025.211298284232,14603.461182090561,30,4124.171159826943,13673.43550174174,2
31959.06790411752,58311.556859845135,50,14161.02698958622,36555.40518504736,37,1298.8097675630938,6271.926191068485,0
97570.9499277201,43855.663877767656,38,5454.077301006113,12532.156790661747,19,2164.374320003487,8564.654279983395,0
45378.79522000844,36452.912140920205,52,24686.686697369438,35952.43026595138,40,4210.312750149825,30497.28768466041,2
90284.1899659402,79038.6588775897,51,44723.04713030399,24579.189900457495,49,4397.890291545211,11988.440831422635,1
66802.47633975366,44560.04037890258,58,7335.542461428906,33997.08468633343,31,1291.581903294707,17994.482217688783,0
81533.01731874836,73645.95222074806,64,13600.341927320118,29949.609855133425,9,2797.796109252685,22559.47081022487,0
55237.33837946729,33797.276353465175,35,18953.804225423977,29384.3289002862,6,1043.2164381155526,30391.3858957557,0
61921.34961637232,32786.282241504996,28,37927.61314538958,16352.10326932695,37,599.2059442838271,8963.092814069389,0
54326.59244369775,21868.044973070682,40,33828.60167611639,13186.39260152712,20,4564.490456820592,19222.82418471115,0
27571.868901824004,59100.009522553104,39,23717.475706183475,12381.017968827586,27,4120.486770737335,21977.55181999434,1
75020.69037353547,42111.58062342567,34,39158.102266626905,35001.7079970856,42,3824.1710188355523,23928.94723900389,2
35269.51261967702,71861.49499037823,22,32433.395524560587,33714.9387090657,20,338.954962184388,33642.62244883258,1
12188.436978830845,48392.59440149343,61,45321.83598457486,20420.073480430758,18,4234.271084280262,11008.736826512592,1
68092.50663164511,78091.6056748833,28,41811.203711241185,9634.161472375912,33,2246.41597193638,33274.100813931786,0
25939.961146634407,31131.530942187266,47,16376.612274014025,18378.82881921104,30,1777.7361041497122,29250.744969382828,1
94641.27259176229,72117.39007733665,32,17214.73599353901,26677.020894791898,39,2777.7341690243447,24455.478496963577,0
95853.57193023287,66595.81116750451,44,10641.041410657353,20904.110406798347,19,547.6308893454236,29483.475464090017,1
92337.79511984036,66255.31067864312,52,20163.412657285542,32306.624396904823,7,3807.5680918267544,19420.620863307973,0
43314.28302299,70686.99368701325,50,49979.476342359245,39916.79877879849,27,2953.9318767526497,9843.91550888436,0
11391.095487598068,65661.43945657993,37,23258.802587677746,11689.62309571139,33,1014.2914746785209,28301.783409287855,1
93548.67063289529,57573.21929788492,33,14921.979561009788,21087.778688085036,38,1022.3377788683234,23363.53073399678,1
48536.57334855829,27874.692660943256,51,39311.72980139989,20084.43656722877,37,1002.8183927061037,27378.118018997142,2
96998.93371393027,21951.570769475115,19,29411.195155819525,15657.238646213278,45,379.3116990044765,16829.95733599715,2
96725.79793803276,75250.87086894122,52,11732.065228712865,11933.343085210136,45,2980.2124019212556,36740.33020689426,2
86770.8509920624,56999.01887124428,57,22131.03565223896,7299.224077138073,27,4217.70607018369,25557.945400145192,1
36500.40028626271,67792.23745857057,45,23651.137199270448,36049.17610282944,11,185.74124853820416,7989.086950180584,1
44658.79557417327,48891.341090753005,64,38922.33652561484,19694.704419021116,7,340.1227603592404,20743.139674655,0
86602.30043651712,27038.491337743668,56,5930.211600135701,22391.34314750171,36,2906.5743557660344,31472.4619160272,2
38522.98046406499,27511.147532153027,23,17105.88410592397,37092.971687032055,35,4115.528858391656,32794.70966062954,0
25254.347201748322,61133.917233738284,26,28291.83355919849,32170.166713058174,22,1701.0205637863046,22310.896846731557,0
60112.11362125151,45818.35369396776,37,17098.103410377953,9567.544244101447,47,1813.1105541578386,36316.16497909554,0
94253.92967447029,32031.483602020206,18,33279.532133854955,24789.698866270985,11,3022.097837734202,14368.395301800414,0
72642.68170074758,49495.67280448621,25,26684.036567357747,20478.82967818457,45,1443.6431567083202,19370.954403339332,2
61305.50530804285,23852.536224508047,40,21276.96146868113,32902.38754025669,5,230.38099378065223,36450.891869913954,0
18745.88443936917,54918.28411486393,20,47714.38820917305,30348.139166418223,18,3702.6197386978206,36368.98507650526,1
65350.650402925276,36139.60426610586,21,33447.17746339059,29164.200266887518,36,3165.6845734131202,28999.946908863833,1
99104.8465093837,67853.54603823129,42,10847.361752057355,16919.06924179639,10,2945.70439537273,35064.319149277704,1
22607.561371287164,38621.71753541443,64,30204.126384952797,33173.730563973906,43,3734.2522320599332,8107.064343468143,2
56649.668712736304,47313.20894490807,55,40132.93339404054,6833.695345820142,14,3408.6311040539836,35274.82416727217,0
88963.57647351599,20697.23239448604,32,36882.036387175875,10586.871550125852,11,1108.8217420737737,16221.696729257937,2
76669.1755978784,24346.813267673533,38,12744.015318286672,16746.814554226912,30,1827.1571300224207,11241.602934987572,0
72731.41668957411,43549.61338440109,52,48758.89995680465,7688.260437424845,38,717.9396942252625,13377.944271971623,2
73223.56755883983,48796.33008302741,63,25196.614058597268,13224.799713714207,34,736.299365747617,19628.897780486048,2
42354.203609777964,56001.23288715822,31,12156.125168311759,34055.28440492714,40,3413.3591571470424,13791.720161156352,0
36423.265983804406,37499.754722558195,53,13108.808935766658,38188.80382265278,25,4307.140524214241,16219.865510577467,2
82842.50399306623,61698.91316759255,29,9420.574648508622,15661.082452096667,21,4817.389660919581,9724.247012507472,0
82910.20552112626,71607.34383135228,34,41158.31487957204,14258.053139609337,37,3178.9008759922776,15366.186794564948,1
88036.50867220933,66791.05933360099,56,10491.37224448319,14796.242828624941,14,1002.0964844686891,25029.93350897004,1
92191.64973008241,22377.129520901428,26,10630.63657137861,14720.168057279534,46,617.6866926997604,20464.879783187236,1
56020.815897484405,48830.41683546973,52,43271.22266423769,6257.556376509055,16,4082.969760530113,17135.15664325689,2
55136.466521847964,26295.81070509049,30,20507.183800140185,37442.07212158878,20,2935.9067341639966,31125.82450999899,1
81846.56610700977,34522.70095175165,32,6388.60569386326,12479.434954961494,45,3129.596602967227,36272.84899876613,0
68496.75376999886,79199.75559602879,35,7335.28847832849,19700.142592849174,36,3929.1642348980754,31487.622801583897,1
73177.0189531933,28549.732574090795,50,11397.6701016753,5339.040895933871,19,3546.058415889013,16620.024574118772,1
81621.3402492491,49933.28920708137,23,14602.70065890603,35028.428182027,31,4188.845438994874,31055.47587431438,2
90100.48076358097,57089.34405908715,44,34931.57874072824,30590.507055922102,32,375.4481367534045,10319.306386591792,0
40419.56411663823,62147.898232646236,40,12079.682600082271,38136.461231079615,21,3762.8511200578737,9561.129583195183,2
43802.46573759496,53578.92100921485,44,10349.347602968239,32356.541771873966,6,4269.178510878268,17096.946296265563,2
18458.37458567821,20586.25084515102,51,39412.36136643256,15979.727921822283,40,1502.0617080457403,33269.582916542,0
62045.21268965566,39587.67849463951,63,35197.48777369615,13675.567555494827,11,3238.1916425669388,13622.188653480565,2
13234.804641706787,51062.69860308268,55,24589.58996548563,29420.070764365253,17,1639.3941128011634,7213.8693114537855,0
51903.82163192141,25271.989948690003,31,29718.939716604677,17743.94712536748,19,4794.058225764024,9609.833732222429,1
58838.01712368189,41037.61587255084,53,19039.280914688832,24817.52555134158,29,263.7755049339684,35056.07389853531,0
35788.712691545596,21992.186527481994,25,26712.51891059123,5219.011485926458,27,2940.9849347814798,27182.414966155065,0
63174.99345121097,24714.709829301246,52,27800.26920422356,7165.999558816633,26,915.8673805426239,13862.040717949183,0
12745.02249451445,43815.396572095764,36,22425.677203014315,23737.877941357794,30,3589.8790053680773,24435.353886486348,2
13361.336987429298,27962.94524258362,47,45795.74948024732,24812.50762568578,37,961.8623887514442,23465.286784887263,0
84034.05045936925,54052.45089569349,31,5722.783924145277,31300.853056077027,15,1253.377983301952,27940.259245423145,0
42417.15772701366,61367.898148235945,37,40197.706839106075,9618.78618683866,14,2522.4169741242144,13161.564404756571,0
21435.44613866963,68035.20194654497,42,10597.227405859594,22961.407931487258,29,4582.691254984703,35254.10455180392,1
57001.893404932394,32009.014654688606,57,40889.63122417397,11805.667555109101,41,1137.400423525057,15827.89967280045,0
79299.41977887497,30048.954935544185,41,32716.036205452456,8261.864184694314,47,806.7761034787072,29294.607889168292,2
29423.892474715885,26274.070420064014,31,42947.51409213811,19367.35279211941,42,3818.98647608475,5564.362623027521,0
66060.14282371002,58185.8149726182,43,9388.144653840385,10716.782683117002,45,2553.0357084362618,18042.999546295156,0
17681.27184943912,62388.54358921407,55,30154.12853448983,12762.36923673115,49,4567.7470506706795,17309.84362855829,1
14651.354905174692,21895.16868953852,40,27548.95461179887,16114.41029543256,28,818.4113300832272,24021.955000405505,0
57821.91684113332,76172.73477462138,39,36778.693233351136,14078.594026011868,44,3265.0466758128928,7545.769162201877,2
58657.160944909585,23118.277019088346,36,29043.07483521541,8065.695409208124,37,1241.1078161438936,32654.59808041379,0
67368.69113483859,52477.78011806423,63,29333.05552098969,8147.06857008958,21,868.1261003930326,12622.328061864899,2
75348.22003503953,62543.631167054984,20,24331.81746092291,11763.729533195885,28,3448.8041342706256,28696.323520870355,1
97826.68715162811,72258.14742476513,59,18897.54908033034,6769.571578583864,41,3009.054637552793,33112.42431354326,0
56467.03134710758,62845.21592794567,36,26701.89625634865,26925.99568869245,6,3798.654545975423,24665.69346845296,1
39066.08256471214,68103.68498418751,26,10332.156144578026,15056.435077811568,36,1616.3666245862935,30930.91223526949,0
81566.75752918333,40367.011552568365,45,48268.100254238816,14791.108871917486,28,2295.061116272731,28165.110927525195,2
34374.90261358668,68889.50682479073,37,37148.48436319693,16619.94029832178,13,2086.8112140190506,17443.542900320266,1
49507.42786350725,24806.890783080507,62,47861.02025095311,28197.869597340257,8,4922.038373435919,33310.04886617478,0
17061.074320803935,73688.99936363165,24,15202.732204848346,35472.18585192217,21,1532.0198880230007,15314.54794599348,2
12281.566907391176,52855.54256922418,31,44570.34590794376,31568.042639447343,21,1544.6044678991577,24992.4521213031,1
96638.35732101326,69037.86619774962,26,41395.54930535923,30463.523057878323,34,1837.2862232601763,31088.920869953883,0
85238.21084609852,47139.097071098004,36,35471.85856059531,21953.691496029725,44,2866.5109983225752,18263.456843437765,1
72637.67854843283,58614.6617117915,64,33126.31337383426,29283.19449385941,15,1336.3814468923517,15596.866266609877,0
46805.76499728429,51584.1596561668,31,19244.73493705415,24346.68288117541,25,4584.920707858442,21077.110356048797,2
25596.488806376117,63895.37130531991,55,41738.48532342638,12568.768486528512,25,1401.8592678446912,33628.722302220376,2
24079.333840397747,24897.798921835376,53,27568.19576658802,12300.592870936776,22,4489.497084644954,37547.26171009827,1
32521.86083481358,23621.125039433828,57,8190.120915107842,15373.72024063492,33,607.0278118682647,24077.919450096157,1
59430.39982355084,34826.19404060879,34,19078.84223848085,36878.09348394346,28,3317.157241758296,28151.317186327815,0
74313.63304300561,29572.6808067913,47,47088.369434539745,24159.519413290407,14,4544.229040347394,36614.576778361996,2
69417.7639045958,72307.01399553209,26,43280.61172721808,30686.688195065428,49,926.8722481513247,8449.139799452983,0
35194.05072513486,33152.83924148266,50,49185.756413444265,17129.556593579167,21,4844.80210448635,13122.750225315776,2
95937.87525968747,78551.91534914788,42,33259.702217184415,19270.051973282883,22,2319.1284660360075,29811.500218805384,1
76410.72250261916,40213.74750626641,31,16137.953291318538,9394.795252303798,46,4734.00403136102,33831.05616693049,0
59891.86472602606,30927.074941321956,28,12326.67723545887,10995.323523758463,24,3416.4182137872303,34996.015991570224,0
65054.8671610917,67381.91042854876,52,13411.149827380774,33957.4794189151,41,1577.7756623804025,19528.75118992264,2
47764.00561850109,59522.46653005257,58,5890.804625626447,25469.35210911087,49,1022.6823720938214,8126.89658021534,2
32295.78905510417,49891.742987188336,31,22580.694994367263,16813.63630593366,22,1588.301726502987,20322.351705486697,2
42037.54107861355,53321.81305625787,47,13614.245622479413,33099.792314844104,21,555.7853053871074,13075.710657246882,1
78206.14994179322,63152.10669633583,58,23524.495720551608,13628.196697329404,13,804.9530350823159,15191.875924881846,0
11295.413976678028,33707.284479877926,21,47074.749432744444,39161.14445100713,18,612.8361576977576,32029.364489312702,2
20446.537645622462,79780.03496340451,21,24374.309427823548,17068.61627111594,33,2172.423364333633,7643.4480109060405,1
14140.237781957749,78487.58972880698,45,44509.30236431757,16805.883395292964,35,3998.3340436621734,33965.34261182457,2
13665.592208707312,59019.54118081621,25,32247.71449771444,15916.916693784682,8,792.7794156600669,19968.418003845916,0
86991.45256099066,31972.547055748706,19,16120.919959762636,9273.903057350079,22,738.5701225444458,25862.237588520828,2
73329.20734420212,60813.69454587748,58,21013.46416666451,8889.800156620435,24,3252.8018526349206,8137.828093248765,0
52675.64461785927,24331.90453875055,63,8776.379111964325,27683.67620869432,47,1066.1966116435246,16807.567742504787,1
18805.074458590134,21839.150132348364,39,20005.816711820473,35629.13155953164,48,578.2891867340588,8139.532165519602,1
54245.428760514915,35460.97331067282,58,35489.342547659035,32668.21785950857,13,917.5580332073304,38654.03030083884,2
52612.45937025091,47757.37740435898,33,8244.999181824584,9938.76579074729,17,4626.283839796203,33254.157726418765,0
25588.168291901366,72096.35032450283,46,14243.06338151132,24095.374262722326,19,4125.209138603335,21087.146402476108,0
49046.648431417576,63630.14418597848,47,22164.846863599018,8695.7041091824,31,1834.9163555399612,12826.089191328489,0
45865.42609576361,64562.391271998866,29,49192.229165718316,6585.31252645771,19,3313.521759904225,37670.92868374483,2
65426.508824699486,45529.60006688452,52,40318.78203314961,27973.505078466853,32,2732.6508009733866,17060.88085044401,0
67158.42857808794,40756.099552817774,28,38006.90359214468,23730.33167881226,41,3417.9088910645632,10634.455109058115,0
14077.360879484007,42262.32577907616,63,10228.593043645069,7870.82898240148,23,3445.088647067521,24710.753595888422,0
43715.13531638241,79258.97382416346,38,40144.81521267461,6222.873624209596,30,3180.7966737939655,38032.094212068565,0
66327.39241428128,22406.55148474895,38,40337.09651822068,39641.47446932671,30,1403.8967058328121,5134.06016751129,2
55282.26327220789,72021.8897673469,22,32049.621303094773,6050.746625217515,29,291.1314617378088,13334.369513889957,2
87084.085706949,54720.524514343604,37,49566.280189926736,20558.48885675559,30,2332.2772317515332,37845.66741436427,0
69282.42684570505,46316.92515137543,54,19636.425766604836,22661.665861269346,30,4465.7720349844485,10988.008840000672,0
24664.09843732867,63515.45962490819,20,47357.260170883324,9104.805173015577,32,2890.536566741022,8963.520807393696,1
16351.187266038687,49200.13648548217,61,46162.90017304266,10917.162245390069,22,4178.716104339349,24956.552552993155,1
67817.73503856841,72405.39428489964,50,5516.629688722003,17313.175224362338,36,4958.959280510018,35164.533815319046,0
12386.017948745963,74042.11184067551,26,25255.243691366497,31658.655667478193,7,901.7194002775537,21698.843619287414,0
62719.8023146117,45303.25561240732,26,48969.690487320804,22747.884842109335,6,3489.7104317957132,39809.748983958365,1
94620.72172824618,36609.66783410309,21,9640.46130836341,27326.565609353653,37,3404.0385111301207,28771.00948382975,1
61792.676008829105,55541.01971560173,52,29650.311247249374,39481.109428173615,46,4901.781692055564,7592.621752365671,0
44935.29335858697,74741.80073700147,34,49053.087816849686,31880.19023596234,23,4929.443596368722,39749.12460886914,2
67895.93965981179,32639.731340339997,51,29997.294084763707,20202.652434942618,21,3464.725197448234,19276.298287306665,2
51242.7601442365,57377.99501380897,41,13541.688633747019,20625.467262879203,48,1293.7124807127518,15059.088684591889,0
59105.511038434146,57893.613205551235,49,31198.245354166538,26657.022696435175,37,4012.9236068399355,24525.771425225994,0
94731.83278988727,63986.78134491686,18,14199.825827729608,28287.78229466165,16,624.4427576340867,15650.76571373025,1
44749.23740206968,27894.06110763559,25,28386.69183025179,22524.882404283497,7,3925.426590440981,8026.012749205331,1
96507.15074415228,62949.497880925315,62,8331.899806055659,27570.1427985243,47,4559.961008309013,5049.992007771185,2
91481.55777604574,74541.95123993847,40,32246.720114648208,5823.637304493457,30,1975.8836343653327,20735.41735220918,0
27621.20213103668,30780.98653221452,64,28255.547260767118,20036.800236389543,39,3190.112945417094,34290.21977793073,1
16242.517078764891,34252.59949543266,57,38307.26159426584,14762.832662571687,12,2207.699387274449,25031.031497052678,2
19070.0201239684,78283.70564249837,29,33381.521202145326,9521.105583508863,40,2245.0487694418293,39972.25546302043,2
11639.964308639475,30858.617162569386,29,29732.28208388405,8484.12794830713,11,1620.8173566297883,15039.632597651998,2
18499.866468033557,71263.10560217475,63,36040.04821616545,26111.72579651336,40,3834.4351402065904,14815.927266601937,1
71470.60960747211,49536.67138688209,64,11477.386110750387,23326.01915034141,20,4687.265164415875,10591.231108188047,1
16406.97836142061,34833.86446419062,32,31791.184756637183,13875.44409487292,28,4709.67921024886,10742.225589286732,0
38707.80672643852,72244.99407635067,58,12744.977127024995,21483.252057038007,5,956.4282958871758,14981.530860351673,0
86038.77798725091,46718.31530015993,36,46648.49935333464,22228.13103138429,29,4386.243883317174,32749.40158457345,2
12094.474216224327,50889.04123578141,43,8075.034718052189,11825.314315351552,14,3713.4140629928984,36701.487672275674,2
83302.16343300421,41554.00216398594,46,24366.863736085696,27823.257165857773,20,1338.9032633824174,39128.050939768844,1
35366.929729605996,55577.05108609565,39,36310.88649449502,32332.177473513166,20,429.6946033154213,13130.137893375842,1
20634.83448594906,29811.432355101366,57,25610.999525071642,32701.223931133165,12,1413.186607733452,35845.41409649321,0
72706.34488277356,43464.89219910564,38,9144.286395480605,26086.444074620926,33,4569.820360229475,16488.928124706796,0
66604.85621018955,78164.73934011726,55,29902.05572570183,22907.35038816549,43,3202.5755069892843,8949.419058090954,0
88972.48121743476,35488.005962067655,37,33873.43589723096,7135.250005188822,32,3633.1678383995722,35450.8723932058,1
76156.39394234972,59404.19987247753,46,36670.653994572844,15074.095459806205,10,1360.0465204345696,27263.69721252665,2
82313.28373463637,39511.403853481694,21,21796.691650824152,8264.500637235946,20,3625.0019623166195,10765.581362837162,0
35383.111531417584,66408.38754119605,24,30364.698696294297,38733.81063074658,24,237.7953807618264,20044.094012955087,0
25969.558940175055,27852.41964310099,45,25280.89137225109,9727.805117901626,20,1939.0745942877677,15054.019320697367,1
77555.32764767724,78189.26270471269,45,35242.5217438514,10312.139344788571,11,3171.091407857423,30787.809904856895,0
82615.12653405376,47227.37248301836,21,31260.063529616833,36135.18164156722,45,815.8731711524691,20869.568071849382,2
99145.4627800606,34163.02780078784,39,28659.02988016107,38037.489921676024,18,4132.71751478998,39624.79807872347,1
47135.59092202839,24409.80483980076,29,16228.596507721188,31804.016373221846,47,1251.6533641784013,6916.074379085829,0
43481.62772135049,30185.474305252443,62,5090.833298670526,5189.1723285434455,30,3296.1774528103865,17425.534314768636,0
79877.16646677972,51186.43691336106,20,12833.675389014317,5047.11948347973,30,2085.4659986191155,21866.50584884921,1
40672.31862277161,40220.19058587718,39,10267.97186408759,18233.526942560777,18,3020.6136178404713,22609.674416191192,1
93768.15930432083,69733.00195295658,61,25208.813525492606,10018.83795038124,11,626.5077078816498,16057.753783497286,0
87257.14766587106,45853.25141970835,19,32551.616784283007,5643.514975305905,37,182.8727196158759,30523.40871841488,2
48609.46246375165,34922.8563552578,41,14588.825390816368,21242.334129157665,30,4556.865694163475,35616.14757211412,1
77578.39610123476,57028.6991962418,51,47257.56931852342,38007.166409244004,49,1421.1870429591957,37855.175569225205,2
77908.85866762142,62406.633013126746,44,5300.69581507495,16333.685121585098,24,4116.41731362425,33178.26818798341,0
19281.148195233935,30022.514474056992,58,39753.54568244043,28139.923745004377,7,4996.816472313781,34770.30690573098,2
91229.761601161,30057.15297729906,18,33134.2146288699,27828.237359635426,8,1136.0131641946646,24269.085521699843,0
55472.713520307145,22200.285616012578,25,21809.966047145685,13787.803628280872,30,1399.3366317984423,33906.08792493851,0
84381.17194969674,64184.120903938434,40,7272.002498558357,27764.883708835252,15,3348.0129594098617,15622.636820178328,0
38804.46409275506,59828.2716573083,55,33236.89573029257,12431.689100041194,6,4830.698309543044,18946.756673822503,0
90597.09056465804,48477.85254498883,23,22352.608078954163,9270.259475191117,18,4587.490306134645,16091.955483649052,2
45028.15108607468,70650.22693815183,39,47132.02127359486,29548.414994589155,48,2564.090048321366,21358.55674067739,0
10975.388633226852,68340.20917700318,42,29389.553370039466,8970.428598637085,34,3996.040384380951,14995.286568352272,0
91484.37787773373,55121.26186380513,35,47284.31800820787,39891.82265062744,16,765.1546801895151,38656.40047890564,2
18215.80091075202,72096.27683079551,34,14921.766206298684,11420.834040258025,30,4889.44710259966,15949.561980198385,1
38738.22738313734,32350.472602206093,29,37657.66596638465,25794.965196476012,48,4825.330846776334,8431.558833882893,2
95505.57703457244,26715.17716386367,23,32776.20593819265,19398.10999944063,37,902.2718936079377,23438.60081176447,2
95554.64322438005,36184.97669101938,43,38273.370342409034,9423.52478419835,17,1567.1733115352224,6998.4677455811725,2
61609.409931095746,23425.21136535889,44,14660.053878764156,5974.536765209469,18,590.759487783158,8869.010820800318,0
66865.34909528194,51870.17168006192,25,34924.75323069982,26795.629880249166,28,1431.4162346010805,12678.62862186862,0
50360.09697804878,76196.34153769769,36,27411.817687559105,33236.51473261941,38,4098.183368134512,21252.25874587496,0
36388.96945282581,22360.612440110577,59,38427.123870784235,34470.54815273604,48,1953.7464751097714,20163.78263081598,1
39579.809083292435,27326.594840601607,18,19717.0089868318,21894.971557692705,30,533.145139019116,32989.21517009769,0
70526.66104693346,47131.941697006114,46,45052.56614593636,32210.941351383495,25,1776.9050714166324,30881.612885943967,1
77713.7076493912,76032.50105167429,62,8793.559157510766,28549.649672099065,32,4908.7783377822725,19921.140289674546,0
81242.11393532637,38969.36629860503,52,41323.51934560346,30348.908462469662,40,3185.4496167700945,16679.647265147047,2
81065.63285150984,50434.08852130355,57,43759.383161679085,22240.965182763495,44,2139.188637390173,16076.407442152451,0
18208.54927438213,22494.371543023524,31,41776.354011506955,27169.41090847445,6,916.0387161366231,32089.828055290316,1
54497.82742323233,28900.59205772533,52,28072.687741779922,33193.406975162,46,4932.266306690104,6822.534217744441,1
15180.288401497986,79197.80737753081,62,24727.32410138426,18925.946144495807,13,4122.160145389331,5448.757732871204,0
59457.5994091362,77907.12178616272,37,49831.80289361945,33209.26153036543,27,1479.238782009505,32844.05371743268,2
49737.745123603934,20296.398856064578,30,15312.737804637296,25720.5894976172,19,443.3366090338283,21700.123159616727,0
89893.37644824699,77108.70712539434,55,29609.418464422008,10806.535852977519,17,377.46523115003436,9580.83984937516,0
41582.351129687086,58347.19626893002,63,35180.39864220465,5863.945502860462,27,689.8529325771158,13244.807710807545,0
20536.031478484525,72075.09767120134,25,36539.04361376444,17696.376013970323,21,2945.766059710666,37637.63835840839,2
22869.251384755225,47284.39133803155,60,14181.10995823604,24134.371490371894,6,4650.940763906912,35082.604146871425,1
78535.9568545725,50935.76171475502,37,34429.73415529105,34393.71232712209,24,2534.042797229324,29842.47675783904,2
65639.6256984635,49330.79481541521,50,41826.63049166018,9461.998804908617,24,4230.432864035366,21877.88306180643,1
19101.040851051122,60011.85545276626,43,7250.83595695005,33007.22216892527,7,2284.8444373130583,23211.3269166985,1
17569.612550349768,28379.075285378774,56,46018.458199639244,35205.316612352945,16,3572.0593742623437,39133.55873493855,1
73087.2218313208,21798.415392360675,38,6327.682481534267,10274.062045029183,44,3686.176412703854,38801.96553595005,2
16548.670572777417,38475.796495471455,59,21018.696461977746,34805.80117564766,6,952.4221589263594,12534.4166025042,0
83967.40533613205,62280.8457641988,60,5711.593830483293,39700.87487449772,40,1869.9586889814777,33388.65982068614,0
73561.80044408466,32111.207127376903,58,8471.532584281184,30439.359086688313,18,3222.7805670363173,11903.493315845588,0
17321.390257770978,60405.94599949504,26,46002.57283310356,32466.93886387458,20,446.4133801033943,12473.8117259383,0
17635.394267667274,78194.72276643623,41,20968.737383576652,39804.53436456057,23,1871.5469200384873,28663.256195760187,0
98797.56206510578,25634.042947365102,54,24114.71886912738,26191.84376840809,38,2720.517384777843,19175.038450564192,2
43684.37161805083,60356.12709350757,58,14690.497162214868,15776.02337056873,48,4981.500015918729,37604.05424872821,2
43357.79323602018,46625.01315827427,34,31869.30965840239,34313.57919266195,10,2425.21445684996,8115.3407213603095,2
83151.96105317523,72088.53526265032,41,31766.144660500533,26507.002212907093,17,4098.678109860186,22903.397428332257,2
95252.37196454729,30628.987366843154,38,21749.017632134866,25341.83983023348,40,2217.129696826427,37148.25356550924,2
98740.09574405837,61557.55713356987,56,19986.569231242927,13877.24444299134,26,4002.3145408365735,36643.97811678268,2
77804.03667330474,70286.9173788866,58,44823.39386812645,31471.69943540103,22,3017.532527938531,10478.522469550942,2
43863.36269778242,76676.85316844139,56,22247.79078389906,7858.354655103369,16,4444.317663361752,17832.319503375977,0
17515.06450288019,60994.88169737875,30,27207.544646948372,37350.04747781315,34,2113.6185065155387,26669.24900163437,1
79943.22243346932,49830.48584050564,28,17748.71430912188,16403.821126966966,44,3061.0916571252465,10578.820966999076,2
60256.382476222454,57070.83441207283,63,40404.62765107073,9472.112847649667,11,3187.0915350322543,38880.776021600854,1
48179.98083222786,72134.29906872309,36,22885.167060459124,20482.828658584658,36,2145.176414822319,37016.22650546811,2
91571.89465852623,54236.58479832978,28,28112.497094494604,6486.44682397866,23,807.1290140686594,10843.256266206421,2
20007.77340755362,21823.223581810213,30,16401.072652684765,28961.91679927382,10,558.4410938704442,9240.44114413449,0
54336.25938617732,75856.92173041866,63,49444.68165535633,36594.692865587465,24,181.6905979382022,7989.296898289285,1
11021.828029067716,61371.60506189367,62,18117.30834156753,34304.20524984781,31,4380.317894801552,36830.52824128209,0
52179.45777947136,60590.80314663479,18,39683.41389074983,9457.931570675839,47,1258.7270699696032,11776.833342841128,0
15067.294811365362,32940.50914386303,57,24237.30426605416,9419.489798770615,41,1136.3830714806634,19569.972499052416,1
20693.612464126472,59533.12821395943,61,14279.783228786295,33470.206881349244,11,3706.573462087721,20709.797797820105,0
20577.36220993944,43631.86433924951,36,40987.344378418755,37348.89961110905,9,1668.0789541282195,25965.386547474864,2
68428.92719044571,59073.97862248952,29,20012.30550630694,21123.44404417212,15,2579.6189928179992,7510.737031159873,2
77144.0391338881,26395.581818479444,25,43933.7006329015,22463.989091981806,19,896.3042199575358,12936.551609018057,2
62503.18885874437,59470.71827618216,25,46186.573321302036,16139.171448500407,7,4802.754035163649,37602.16354216241,2
96595.52936270877,79964.82354623999,62,43692.072592607416,36299.27913897449,9,4272.748860084463,36794.353754399934,2
43738.35215713336,22892.722331633362,29,6575.356166306255,27571.601685232457,27,4332.5691525285165,32345.172659199226,0
35714.08776536747,78630.45105327904,50,40431.80052522975,15088.805200857898,41,2093.1913680028256,5679.04359663754,0
88173.92153705143,44414.477643372236,62,23510.275992461473,15457.400486898807,13,3835.569947165147,16445.236897363575,2
30123.62546675074,72245.20702023554,43,44317.53140820013,36192.00255722608,19,804.9931614099228,26978.555737001774,2
96690.02854965502,66943.12904349642,56,33707.94182081324,5477.190836703751,7,142.23311269972336,14631.657412071649,0
11093.90272208347,54020.97565920007,45,42513.94103647813,16295.430045432344,33,197.8673696323378,36835.5343268822,1
97289.09440368752,64306.95255507959,22,27474.429644007592,24402.483842572918,10,2974.348513282346,27186.131164135466,0
13884.39207555185,72710.93367808088,25,29076.14770695198,10187.611173476362,21,2331.43503571491,7516.7351060755955,0
90202.8802328264,44248.41929906198,42,11497.443446015026,8223.456396985643,30,2638.2752096517465,36815.19560924961,0
57493.09981776699,39621.98969379433,44,40279.43114102099,33534.6715881696,25,136.56938804437507,38521.83303616779,0
99366.83165073703,60055.603133815086,63,23872.532525013725,36304.153602697756,12,2171.164436321386,7719.934643710392,0
16641.6908261859,68470.75651647552,40,27503.605322221218,33826.22472793663,25,3618.533989884218,23632.608220146023,1
59846.88559611887,65737.10808659694,47,40329.39713430684,36457.57614080717,15,2269.1991396404355,15617.749877495966,2
97237.2282057189,67868.81893151806,62,31948.043003574756,24358.918987043002,42,3687.874110929889,18749.367676849084,2
57078.80597531339,46134.99888877598,64,14049.442734920034,33429.034234661965,12,1241.7929255444903,11287.792628436966,1
66645.87743217363,69070.0529705013,40,31560.46966179017,18441.492343688515,46,4084.3958219604547,25232.523570434438,2
72617.38200861555,27212.543322236506,64,23343.47860908451,28319.375151766348,28,2983.3130782219164,38529.27736371117,2
50908.69582909959,52669.34587765097,37,26128.64939197382,39609.24359862076,39,1132.7391872065405,22607.541009506316,2
66480.22720756571,20345.519629887294,35,6274.007348120051,12900.47033436946,18,1259.9303316837813,7902.01034880684,1
62588.28807307902,39475.14979401622,35,14451.320728232673,18646.49112018782,18,3177.3492763907316,26700.046671709293,1
91104.22094418902,41987.692092283876,19,17646.71366214627,21801.658205852997,14,4166.7040067409725,16907.804805793996,2
14090.174230731209,43770.36149655533,21,37083.20035364626,9830.542045701812,16,2136.5761319428602,34957.38163569542,2
35286.68706330073,61728.03240139173,47,5517.161298415189,7836.351366276987,42,1365.6721027252017,20213.735191076456,2
95537.03356689028,43313.48607622074,50,23394.97675531094,34040.30032125686,48,4348.356873861942,11749.386312978597,0
90123.74055018247,46921.61735735184,53,46581.20916915798,39187.803048965514,38,3379.414629579091,11688.696794190073,0
51009.10775071417,34252.647852459646,35,10034.627744710573,19165.377234038053,45,2295.618887687075,31906.746325240612,0
65811.93380213832,42395.1074977604,54,28239.097469837496,8067.744266812864,14,2490.710956868579,14295.565940757597,1
34964.30646830194,33636.17763578909,36,40393.50720758812,7303.411624170177,21,1100.8566928883424,31853.168795572805,2
26930.904375138518,24391.755426106618,64,47413.90883840525,36196.13722261046,21,3171.332887317735,12206.055876830978,1
51732.856444598394,56206.91560288268,45,38604.94877901731,21233.4987404688,7,1857.8383016601542,16259.022904545829,1
41801.70052234475,60092.76791330097,57,37425.44968899828,16200.956079683718,35,4978.661365704312,21292.04403538948,1
62529.050066578486,57169.42076057687,37,42191.96405880931,21676.144493378983,5,2452.8992247832502,38011.85473927078,2
16996.117326848635,47809.642628034344,50,25079.054943989464,16140.643314232157,16,2480.8394703291046,37610.59986638386,0
97695.53268995498,42787.14681075379,29,41263.00396780249,22116.2521357667,43,2872.673758312292,12240.515639780073,2
98758.96700316426,71800.01897430951,32,5358.398213545301,35084.47389212779,8,4592.104415281859,17537.666443507547,2
72834.55426177706,51144.90710817308,58,46605.24749195622,25730.547987173348,46,4024.0086893127764,10228.978595882032,1
58248.67297097084,48750.91265778386,56,24948.79292827289,29312.88204835614,17,2310.537342009423,22849.4777759724,1
37857.485465769496,21538.52394838614,19,29902.10845395864,17763.473668201783,38,3621.6264032667004,21120.389274313333,1
83241.55177362538,40474.869657569376,46,16469.701201169704,30847.705747868156,46,2972.553944025732,36526.605685775634,0
71625.80552984914,42811.73712715143,58,38413.887477818964,28331.59797077803,25,2512.59853863612,37550.188222687546,0
24635.524541040217,43929.366853814034,27,8448.611291386196,9184.669921321976,26,1042.3472866433176,18424.858685255225,0
91983.44660444582,54810.34215363994,19,44268.611114607585,25042.49985904546,8,2373.2876909289653,22210.82800566463,2
84028.3518630852,52016.15280361271,28,42265.25730528543,13986.02237084153,22,1304.5110764106157,36368.26872011466,1
95481.99219627316,56474.30556760668,30,14722.705231014488,33143.34843717575,9,4582.726534273108,33234.77327107715,2
75314.7557549524,65892.9956925277,27,41419.59792283681,19907.819796342883,23,1743.4933861320999,5127.970897062724,0
65207.36763422109,68779.14432296561,31,40386.09798776667,39813.94578187705,6,4766.093671213524,16202.084746425387,1
47641.8732661557,63087.38457358966,35,33449.746898927704,8237.515327863734,16,2711.9709214640848,19762.09846776441,0
93945.5635018612,77331.42175729608,26,21808.40796048594,32312.17519590555,21,3194.5674555131855,13040.06992891311,1
87945.75005503675,21093.954960581697,56,17217.443938184053,28579.560673975477,14,2760.408177997706,11985.006556357857,1
14069.680309557047,31746.679141012766,45,15430.261563020751,31862.45907067469,38,733.9650231368344,6322.457730848788,2
12373.02770475268,20453.772498688526,20,19337.403324362323,15763.542842165973,10,1941.5239731389108,27517.94037744162,2
43881.70301902446,58848.48284927618,37,45660.12995446387,22221.90712838402,12,585.8159501603573,14187.860166910797,0
82949.79977036496,73881.83293699921,23,8493.834919495157,32877.79819032979,15,3152.4748164985704,6832.151245095958,2
98854.851638345,34608.937794577956,44,42299.20743138314,13138.946606729925,16,2289.683556482151,13084.275868482227,2
23537.520199317536,75622.07268777839,19,20700.05337688206,12911.161887602822,13,3912.1263606975904,33066.98834926443,2
63471.76438169216,23616.04341737365,46,28471.972820511117,24286.783365322633,6,1180.3053568969121,34802.121357629134,1
44280.17709679194,76066.16160833085,55,40751.85351418208,23324.72528354495,12,906.3736863037411,21907.318581765594,2
97292.2958033143,41097.36123437807,20,44796.94461603371,14879.186464452649,15,2091.027931722462,19562.473464304014,0
85790.70308221377,26085.249706952993,33,20515.163903269116,15432.647768368797,40,4640.268377770068,39224.879272562364,1
85449.58342400241,49152.30555117954,47,25782.956657379964,14724.580712229792,14,3581.066893560818,12019.763085582446,1
52182.38438154732,35406.59406323048,57,23653.22291675565,32002.92216994707,25,2152.7257614853015,12537.574899911297,2
47333.75521038986,37092.37411771537,19,5596.296507675975,27816.530294686123,24,2634.633631796122,15215.35119627399,1
34606.63647376356,38437.39789557719,34,18317.42999863955,34134.60141935885,12,512.6437547677818,11046.506139838057,0
15073.79469858344,68181.55386995981,58,25663.515517965283,39141.55599099076,40,4924.4218922429545,18277.795937146533,0
87825.01386295479,52349.67660051527,29,23499.21239961979,21595.750369519526,33,3365.395793005103,36879.19794464138,1
83161.09082170698,38678.46194936022,52,37486.81523820557,7334.28584919071,46,1498.4799354707702,26537.1744220001,2
99974.59059575175,56620.0269986551,60,22316.162774949644,6683.23086442124,16,2970.461131654697,19418.129201429227,2
99697.31533665149,62969.040453391615,18,27021.940203680162,15348.27637450667,18,636.4635937380705,37704.37780999252,1
59988.85350423647,36357.44004401202,62,24332.38664595635,37639.060627335784,25,4832.599677157159,6696.248136653781,0
79208.86736624595,44812.946091521095,32,38328.17670024667,23312.456923980622,26,956.4464406284931,12359.666226565148,1
95028.91568941851,27313.165600216853,43,43833.75795441331,14512.52806280452,25,3275.3485584705495,24806.101178561563,2
86468.26516096703,30868.96097208082,54,28935.008555338136,18970.837807885684,48,1302.726866440759,26544.34181176127,2
32261.32915688779,60867.07123789897,38,40524.448738783605,25950.82875916348,34,3616.0507749778253,6384.51272969146,1
50548.972177908414,30886.300861737618,48,18355.40069089328,27853.238034824477,43,3906.424699477377,19106.356526749627,0
21624.347363634548,51509.80302002361,42,29361.632457077092,10387.182842401675,24,3399.75667166602,27720.388769080546,1
95864.59245328502,62542.775703345964,40,20535.347915148763,39196.10867908116,28,3111.0473552504436,29432.469124119056,0
64555.717100579204,26412.61538568463,41,23639.041650732364,24067.027944397607,27,4473.098560364857,27334.896588069427,0
30577.852495311647,54038.73317773421,55,37958.62391657008,9749.091122729777,11,485.2708838498144,16219.71285263236,1
70453.06159652711,35393.767022081825,45,44674.811704972075,36277.23386711468,13,1721.4823523229563,8273.204325926832,1
65631.54164121063,77775.61251425478,38,10467.292598949443,7612.345087780008,5,1316.6086501911452,19948.93562467669,0
42234.644622955646,49012.73880319548,60,33558.76654193213,36770.74016121295,30,4941.2684141205655,9506.405307881942,0
20220.183297966614,68359.55298650949,35,31196.47134100093,39879.797970114385,42,2008.00992036768,38166.828048223346,0
70441.58760335197,53013.5925293757,53,10328.676762916934,29515.112970477636,42,3689.8022262779537,21630.98031079199,0
56827.6930813414,22604.75197128915,52,14535.244869804908,31965.65273758964,48,3455.1533030169226,16104.071102490365,2
79508.65525620754,57989.08253564134,62,18995.11226297061,16805.599276362023,26,1139.1980636391509,31820.642489161502,1
56814.715100079404,77084.20053239942,26,12511.898186787566,37955.18984568768,48,1271.0886330366015,22428.200740379234,0
86696.3350286686,56096.709208779874,55,15967.826713595381,23539.98881379287,14,1478.2943614098672,15851.190840435753,1
59671.6154897037,69151.33156560741,47,17042.035948776836,30633.59563091442,10,2114.523663470958,33418.87098367806,0
60484.41743818476,73052.38780090447,61,20105.322486757683,37343.770056894784,21,1248.1928216875813,35350.32528503927,1
88898.82423925106,33684.78631693595,51,38722.57037605216,39131.29915914279,42,196.29226545955424,28555.285820103694,1
46313.45795911573,32722.6903944936,49,30736.04917327703,34162.152480883604,28,4409.025978355258,6643.754784268355,0
22061.370560557665,56658.8593310595,20,49381.100237813065,15605.61274437105,14,4831.488173766332,24821.300805828625,0
12590.440868200507,44661.70818840228,20,23663.112213536195,38829.16307932288,12,1773.694896454683,31715.321919904858,1
77962.35301062571,70391.67817200322,45,38923.928322661624,26984.183593525013,25,1758.683709184817,9777.605422925375,1
65827.85962181182,74001.38740388067,61,44216.07896194402,37572.4866723186,10,134.74988259441784,13003.476298461117,1
73367.17912893012,41205.282758163085,32,35554.03218671189,28663.675903502313,25,3433.2283728188327,35887.32867738478,2
29166.774535801967,34212.23353846892,58,23533.91331878732,15753.363664670216,43,4144.655489168281,5704.260264857591,0
22273.43280280928,66831.5309146317,40,38911.75838355888,17950.85834499856,28,818.3806717640155,31345.44982390916,2
11309.019910109373,36488.36213288817,57,14165.02119977082,24266.512198602915,37,882.3651118990387,21582.0652380048,2
41552.88029259373,69356.8591108207,28,19739.84743310596,32650.51945459587,22,3971.407924860045,20637.02555938624,0
63092.591816916974,45424.29521892577,49,29600.836479467995,16129.389296911722,32,3119.824666935309,5248.378637321051,0
45301.96405897591,60052.99395748823,53,30893.422427876674,25290.590814696723,36,319.81673237581333,33678.93808382725,2
49372.74298213561,25732.11883008009,50,5996.366396268326,17096.874775174052,16,3150.48025326518,17593.871522279827,0
91374.28250443736,57431.559480594384,41,47530.13849402039,33551.92916222875,46,1613.6968419344537,23926.797095519003,1
41342.99203209703,47106.06072423374,56,36348.22720478255,21335.483281878267,31,1906.7532618071452,28705.52402174808,1
56259.054024382975,55196.50779052845,51,27306.6687604351,7685.2989398509835,14,3871.6839496547127,29592.03517532705,2
80528.77114670287,30080.852464691805,45,46990.72554837388,10811.838251853773,46,4073.5824440957917,38459.30205891253,2
45688.85040891432,64212.42469665092,54,24759.30043628728,7138.66336668713,36,2061.74747151517,23596.898363281318,0
65987.80302050861,71767.82465259371,24,49119.600662166726,22475.603110501383,46,4741.049386431138,18990.184284104966,0
87612.73378720706,33004.38800544654,21,28052.81407595683,8721.80540718795,30,2091.667317965154,38379.62692720978,2
95456.85612918778,25742.873331209703,54,10142.859649909075,8994.898925837124,29,3881.9965726275386,27473.85822589324,2
23236.613283613413,21418.315162780185,18,39416.043760667475,37936.689101343196,15,2470.998596364869,15435.262469679446,1
93392.88626453449,58518.29002659596,18,35550.39762850282,35542.92752616194,27,4497.908399958212,9426.24858912499,1
54290.46637715844,56425.64216532685,64,39784.40245875141,20823.030888397807,38,4548.030093885875,34489.40755128134,0
33241.994946906256,52801.8447628442,37,47814.89129265565,39503.1862297572,44,528.3423585683108,17676.356097795306,1
51322.21806144352,33916.82576695853,36,39942.01861929581,5006.528485973209,27,4688.817323420106,28116.44024775509,0
98202.93177569294,43454.35975433088,46,32510.14709974911,26489.280969568783,33,4145.120723450036,21478.574677806435,0
54335.62845935826,55668.580111170384,27,43578.90060623784,26574.986208015453,35,3977.422500132068,11962.542292826342,0
39587.644925875735,49806.01153155016,35,35296.08977095392,21010.506955446086,11,1084.4655644590598,26059.031301716277,1
67006.07688850531,79267.13121289323,45,23365.35755716654,18893.179052700252,44,4045.084122897858,7123.907413273881,2
31613.105690037377,28186.385153403986,52,44852.8893908798,20938.409741821266,37,4265.65039995668,19466.986095491728,2
16827.699529779755,61708.67324285563,60,14985.52073529678,19523.615262788815,25,1516.8366388253396,24131.522888228486,1
21599.17497195843,44259.12608625753,64,37158.85737089259,30567.23671188048,6,4766.074383975386,20261.644094150266,2
21524.125506199518,45691.976895536885,48,44670.355472334064,9737.440224064943,22,344.3147173559048,31203.52613378468,0
23671.242416106492,63055.86593949058,44,37909.24338664833,11917.372720689556,37,834.5553409109843,33977.373409085936,2
22494.44553844691,61546.169079462175,28,36377.393857423565,11318.137993734825,41,2734.1475764524203,31993.507591161233,1
67678.72703228932,79475.3596221313,55,38868.723233232624,14186.470479244259,38,2921.3831084993176,6358.453173413074,2
26369.207595923035,27703.657367247513,22,25927.486173528996,23384.044657355415,24,3261.2354081744265,11794.506965609027,0
41110.05549914769,26246.57896304998,25,44337.68069706617,8892.306156837656,39,183.14873364578563,23781.2628242321,0
90710.95689154106,63460.32902772447,51,14154.641381124104,35385.925336427645,22,4805.797195648438,37718.77141553305,1
52656.54762365851,54703.215020384545,29,10732.388720015268,15407.653595796532,28,318.48165439730553,34223.48712682409,1
70080.19646689245,36449.63999358835,55,17847.89510533302,10688.829561404775,12,801.0035683446716,34488.70779231306,1
25508.788408146684,24765.162139339198,18,28920.982854874692,28646.745835938516,34,168.6711358776792,15612.286781588622,0
27306.01169278037,25139.494975785834,48,27975.280793420214,6333.020520976175,48,2877.606323141064,20030.676397754592,2
13678.175463983098,73651.4524798471,21,41926.9440954464,26698.899770595748,14,4668.107731212764,21474.708156057808,2
25204.15567649481,31512.039483124572,62,23205.589538180782,29436.945073677492,27,3363.1411137942746,10508.005417246864,1
35073.130512876276,39402.293726931246,22,26795.49918311789,12522.078598535172,15,4131.021595554093,6087.384558555971,2
25930.943584907214,33599.384133619285,47,5601.545746672804,6468.7425705272,6,165.0778969470424,38141.601481118094,2
17983.228038135006,41299.77834991624,41,23438.26563993226,17727.587562180735,30,2755.8749625506575,13424.940498222735,1
20857.228399054075,24165.4305647656,20,34149.840482765394,8450.798058467777,40,2351.858589777057,13398.211630327096,1
51470.08912294532,51143.58745449622,28,5697.874878196648,9076.724738566798,37,2544.942926681886,7918.266881906584,0
28570.034656521326,24056.753815532895,62,17639.68843338097,13899.14310057026,17,453.84460814242095,37497.771318032246,0
42784.28749432679,68021.39046934168,21,14358.036168022547,15341.377361936575,44,3453.7332692396067,25290.79902289202,0
55307.55437693712,34022.724914625986,43,6889.344300931471,23548.96193574972,29,2565.780032807309,28346.289999387387,0
72135.53457664288,52400.714876270635,44,26566.704046154187,28743.71599260546,8,3849.2293643201933,36905.191054206836,2
13538.092585698905,72804.74525368749,63,13177.548195267042,25746.982930456466,46,2477.924106902405,17096.705911527635,2
81946.93590181383,59052.64214283165,60,38438.669283412106,10192.611805133089,23,831.9700175095172,26752.755889832944,0
66511.0350541817,51977.46719308012,44,43156.75476935068,11023.011135841925,22,3276.459074981328,6357.9809155110615,0
17358.31287539847,39460.02518692253,59,29551.33322011165,35756.923742752006,41,944.6931743153145,11537.038488089525,1
88622.07616960995,39980.11478349188,23,49176.83041345137,24542.331027243978,34,4374.733360438593,34093.60317814798,2
92878.51604786319,60169.21731189141,32,25271.53571617679,35447.82415141912,23,3104.2695714392835,31836.89247184175,2
15497.016386937737,79648.36167327006,47,28101.569460121198,18004.127896195605,27,870.2990294290759,17272.49420100014,0
34918.98833324834,59710.351390962715,59,49514.79892809875,26504.000260096334,20,4815.456481657913,18188.371972097437,2
82558.11518137551,53467.0050422015,54,15419.679618427197,23328.219561911377,5,2639.9907703430713,23674.405174375283,1
77343.37213452926,63839.030614354764,54,47414.56728546073,16169.32214371619,16,457.2024141711095,5008.43516397971,1
26606.89174207396,47912.336737023084,59,6927.689980360096,21447.03802117584,28,3171.4812316338293,13443.551761330975,2
28841.439100303927,23608.54055604711,54,25087.410061843766,22587.180688942623,38,1340.67464436277,12288.113301287505,0
43342.48925122438,53737.80895267459,52,8150.15804598796,12026.98411648375,12,4038.097914198782,13766.90313624172,2
53607.06866719192,77457.51707032282,40,37815.56343111394,16025.363033185606,22,4107.328160474334,33206.704488670446,1
65642.92943772663,30518.17654145958,23,32378.402114600798,32699.341267744145,9,4896.842043687843,14788.584979125511,0
43202.22756127952,61400.29344923994,21,36798.54185604183,37052.58838089445,30,2559.160702020068,11703.246271755186,2
51628.12445198331,32056.02131954339,35,21851.617998560763,17592.79327408548,34,2329.288710665912,22649.221127756104,0
77272.38443203809,52149.66106838488,26,21626.687031412115,15744.029877315636,17,3792.030466687755,35297.57627304562,0
13301.488260153812,25800.586978803178,46,7039.367553240258,11831.900760015887,23,749.1062160754401,13447.239634312496,1
32719.324990961868,47022.25617549111,30,20747.522278833792,28747.190902770344,33,2779.8860175863088,7748.768497747955,0
74201.46272960972,65369.79973371476,64,46817.97810179267,16308.489558321804,7,2776.61324064117,17474.165754738264,2
90568.61539184794,40854.29145433892,34,22065.194173120202,39571.233868471594,30,538.4183017708974,31167.81385977422,0
56050.96979040995,59894.70346923308,62,42411.54677998865,16398.968072238364,44,2148.1220189838764,24274.16906431781,0
57890.21367387841,67726.99764738375,49,42904.647713747036,18794.761637391985,16,4281.095512979289,33587.767935102165,2
19645.481020579842,75630.66916876717,39,21795.85203706552,26116.69686742122,6,4295.1527477738355,38585.72516632319,1
50267.11301411092,34078.524911327215,21,33439.4906178285,33058.950261695674,15,586.2645581064369,32743.186686306595,1
57935.553980952085,43958.95494855849,22,9291.722102287638,21433.15328709718,48,544.5323254643712,26133.10775953137,2
31822.34532712567,29144.960799825047,54,9665.536133042442,19792.961182613544,32,1387.207837309483,22266.955581833317,2
34231.89078544429,79549.01012950251,58,7189.594864777099,39847.32417581829,22,4386.353706514568,6402.418022189333,1
43955.57467941604,75620.05807545772,30,31145.679201879928,5367.2774398980555,17,731.6226668601448,39451.26925849145,0
11806.407799995373,52397.42781683357,51,24173.193993174365,36327.28510979361,41,3627.9843328744864,18421.83929012649,2
38987.124902486044,70521.99766258529,62,29661.456049890803,10219.928907890811,26,595.7115361042058,10327.987487090339,0
29030.320629689017,51257.47863632253,39,28448.293572877454,32507.38466731197,16,3153.3754833643443,28334.809938875987,2
39474.76169601232,57415.14128016558,40,20759.134599082863,26627.60459462043,6,1844.7297656838095,14950.090118341077,1
20778.59186373261,25347.465926961,20,35486.30366705628,16964.65499243322,41,3965.6784185327483,25502.239482586665,0
90147.45526659055,65316.22522980848,59,39132.58464123758,35585.62344323564,11,1245.0831992442816,25536.876774560693,0
63423.32081986438,27662.80901811409,51,5658.2716494954075,5451.752979334719,30,3232.088964010803,20600.54373160042,2
71119.20872300406,69564.0578151517,49,14325.903489599525,12934.172822622328,30,1254.8444194218362,34264.15154407649,0
81025.41147466045,66921.68526022315,62,37095.61406375015,24841.24786873376,28,3596.9353872495535,14273.847154440506,2
54859.79790361515,62524.68186457859,38,22397.90776852254,17303.97910173943,16,4381.022369347669,20702.140706620696,1
17822.825927868133,22169.622831485725,63,34811.77761237237,26363.212336141467,20,721.3288157211242,23819.224500684002,0
58339.5887636693,38187.701356719714,61,20613.31968805513,5843.856769303339,27,4346.318874117967,28226.865226855487,2
62815.70062187912,35786.75419465057,38,22583.98185483367,9076.062566859939,44,3008.51874663006,32439.014767695633,0
77089.5526765897,41608.18444829114,61,12140.54931603582,9448.368407645374,13,722.8414052484175,18818.25490073896,2
48849.35916067115,25258.564805830312,28,16620.395884977203,11624.92760706033,36,2194.9550912625887,27611.64304338086,2
21482.227251600736,76217.46938186378,56,32243.529087841427,21076.600428018995,19,888.2154380769797,10271.383357398168,2
35539.83152188521,53228.13444274258,21,24492.340009182488,31324.50448402499,41,3531.704655446191,37642.683518986756,1
42677.40667587716,38331.45863948141,18,39843.62073250678,36693.85932751154,17,3818.4538586479534,18407.058224735123,0
68132.55171984411,43818.891024457,45,43366.322972225425,34238.03855994861,9,618.4029493367149,30533.249769175345,1
61370.04742020207,46832.15243029014,41,29374.088819754194,11891.075512148924,15,2580.0852782037573,5711.937865876218,2
42048.70533080616,56035.660001637036,52,39122.028142522664,20440.269328072132,14,4091.6627745269943,12181.550001668245,2
98786.37239136818,50940.76566178986,30,18810.70309375565,11979.405921548725,17,4687.198903599883,22047.88905132523,1
64519.733742119846,75163.51839286505,64,23673.704693003518,14256.513583351678,45,2616.2375470346733,35738.836370632125,1
31350.411256239502,49817.80897434981,51,37074.99542975739,22624.144352916017,19,4756.368195695894,23453.9302482737,0
19160.422535836336,79529.48088939875,28,22379.53967676638,7383.8158653232895,46,2724.875955234546,37545.46688028576,2
23757.32252658988,71085.49746470575,53,31482.722082154498,12636.101535764563,11,2031.533423539549,21932.891380397872,1
32136.195554605732,32510.63086144015,34,13341.775058713018,37738.235645749104,44,4256.195329909187,22165.71838575825,2
24461.323593360008,75835.71287863498,52,31989.709173672407,21314.070243047114,32,2515.615281244636,9191.137597518617,2
26791.032164617518,26981.983873128564,35,43768.116825210214,20588.528409225528,36,2412.322301766163,33092.96854532769,0
35658.56518244624,69046.9825094715,57,44088.78379205415,5509.850416294761,39,2502.5311981081586,13643.789436347188,0
25603.623576527934,42837.39760859481,39,37595.498284829286,13658.991147042103,19,4249.246509161752,36486.43712803103,0
90708.88821637827,72678.45922670417,41,38558.90205842567,35320.23525937635,40,4176.513554271455,36878.84771156387,1
17221.037109547797,72083.40140644702,36,30106.735031781533,10761.994989053406,25,2077.247962957035,38015.85391559524,2
57206.02506132292,68355.52400705728,54,31310.064057462114,19529.372883715238,10,1733.1693133655726,23208.06711860815,1
46935.714429069536,67401.82617842368,56,11014.27616347331,5501.581705345044,5,2510.4473177917334,28698.28246742755,1
98414.07552177458,38280.74834588244,38,24973.66347895855,21741.741858469453,8,2906.5852977118343,32248.055802158222,0
20083.50119512471,24855.156983075132,25,25284.932774886372,5735.738735417601,15,1267.852332077185,9585.511652766296,2
45807.00391411675,44178.81072590969,45,48132.40260504831,33686.334357303,48,3990.379915106394,26033.501824912404,2
97252.3389947832,30411.47089919052,22,24398.908818048025,33869.88186204863,30,2483.765552088872,6200.426545615908,0
87895.64133045822,61697.0653341477,34,29720.419020624093,32570.976590582944,41,1736.823187257802,22414.812918605407,2
83536.48638543519,40765.983592267134,54,28996.31296755961,14917.742411189138,27,623.422865523554,10419.493856707959,0
33211.25443404459,78536.61205159489,53,33654.27726699472,34303.30263776363,33,1270.341285977674,11402.302408672964,1
25379.882865105923,58458.32464071992,36,38670.477409935316,24004.934641184427,25,4751.47774160432,17776.664834241055,1
70177.88979319879,69348.83381806166,44,15126.884427689245,18083.283810345085,49,1594.9884654156804,20135.300835077607,0
93643.83902148272,27951.480364510906,51,28792.598859429607,26886.548589648155,49,927.410517898473,26811.034858626554,1
60108.66037125368,71720.86893635735,28,42166.29682922137,5431.93661211309,31,2357.296679109467,7604.994645348048,1
61445.14205229098,75365.43143080367,62,25840.162122688016,10003.630716026326,43,1604.7299424652185,22629.211643310562,0
35198.11842942558,49223.71512913615,64,17530.589586810784,30980.273835959197,44,272.28032632885134,11391.879558858538,1
79254.36398727432,56375.176265058646,29,34461.90839103346,13545.656305065355,17,1683.4115646691446,25089.131126110966,2
26833.937370177104,65888.58805417972,38,42069.53281096053,25930.31910650624,27,2766.132257303396,27309.161429141423,1
39131.13127638193,30490.317635624753,28,7841.313181732609,18478.59109880604,20,2803.390622897838,24484.823979349883,0
48289.27947547751,50153.96458780655,56,39955.57175332522,34918.202257974146,34,1847.1387137667546,30840.342866740768,2
55684.93408160095,43919.781666338786,45,41974.1569832797,38334.535709882526,8,2291.783505637743,16746.323548431545,2
31816.87591735722,28782.439529734947,22,25768.531741487306,35924.76549295666,44,4831.037799350355,31778.730707159582,1
20335.314226528317,42052.06533749189,34,49248.75455683103,14471.699814275882,20,1949.007538428527,20146.84785978678,2
64955.803819746936,24090.338563129615,37,40401.87533182891,11795.700416612879,35,1365.3113849739166,21946.457441290888,0
35976.74979162302,21548.71441696922,58,39814.815420304956,21605.221276725726,46,1292.9885159271246,27683.5744541375,2
62311.439928035106,28109.977349289366,63,38652.735848543234,5256.69527926631,29,2343.0466022502574,5642.543439972838,1
23892.64437467821,77786.90669535042,29,11777.36464482233,5903.328750211361,48,3821.648728713026,27889.79774970869,1
53302.60916693357,52971.772153701015,23,14775.389890385486,24365.172386805003,16,1109.3421025235186,26650.480217524037,2
57933.048929642726,77949.32966919319,34,25879.555915899127,23215.729145785008,30,3575.5510229897636,15844.649086364798,0
14664.118314018422,45949.87269980792,36,16880.195748175964,39810.3696162341,41,203.63413441213982,8002.799971482132,0
40294.385037452856,38708.967985115574,43,23685.84375503182,12064.464237731534,37,2152.7715921213353,8182.7407469564405,1
22097.32092450768,50368.51177041465,61,44980.884946531434,14033.637520616396,32,3901.7388194936557,37312.831144483,1
15703.747342549097,46370.701317974606,61,42094.71013456712,8973.922481420035,13,1759.791483294714,29124.7762429043,0
99096.42091509508,26339.881055704634,49,33351.7945315992,37114.00533788106,16,2862.3117970824574,9448.591481975913,2
39011.84604772506,58449.57888141237,23,43615.41774129966,32223.393556045776,9,1104.3982408469628,17485.310925811722,2
82888.70012691713,32962.290950575974,53,40269.757505776215,33781.86890098966,32,3735.777416518244,25736.904786555875,2
32917.65892873875,57175.277293869774,55,24304.32193284007,36596.7325787578,39,356.16760601692215,34245.009678172704,2
71335.24500015363,59012.065543889206,28,14047.931842247532,23371.49953540434,9,4277.458959889952,6528.132504955299,0
78420.50739007178,29121.491187718886,50,28139.046800420263,20791.76170077533,38,1071.1622934661739,13282.15960145031,1
63607.48665470599,23680.977626640088,41,38130.299713784756,16563.701578296575,38,4384.55035537082,36141.2146603383,1
52441.85696951425,66845.69516410638,40,24638.881942831686,25622.51150217494,17,1827.393282372535,5320.794256433577,2
47065.68227325417,47588.025426159205,32,35004.73594027538,20899.74388764379,43,3641.1495149249845,12048.968597786059,0
41398.143988869575,23489.827730328547,44,9244.734183096964,20804.79553119513,46,1664.2039591523235,38565.846159053806,0
93657.62298230432,79691.97903018602,28,38660.21313671315,37792.47523058986,49,4538.967189049773,26469.064628275988,2
84755.74670089562,23466.833659781998,34,41572.11289518779,39441.10299976956,18,720.5219150400344,14158.497832312725,2
96852.42195998614,61702.11373151319,31,36807.70351012435,32876.95362653532,15,974.7469674357336,7344.688303854666,2
21186.750113699025,79020.73551580482,44,48526.86143868645,31486.53315864249,46,2515.847613278131,5986.696915652776,1
75778.07276832798,34350.80625295554,35,42199.34258572882,28819.53566226855,42,501.49835128691603,13566.077787292454,2
94450.6411138934,28534.962121231772,45,45639.217754444224,10812.619831672979,8,1060.3029050386335,35852.00368561187,1
26310.975954909416,27283.096365345733,64,47010.69875559416,7068.703730647909,37,4724.455272838871,19556.977900412832,0
15984.664063009976,38196.50885405573,64,41060.65963432138,29175.421028964207,11,4884.7993396246475,30211.667920809756,0
76700.85843610532,26062.7486606388,21,35341.64789029246,30507.51777898016,45,1943.6707137190676,37139.97623829852,1
61702.58018619207,61529.68050164791,24,5257.336161235518,6644.054688434893,12,4624.101502968285,19281.41615609858,1
85764.58990824448,23737.50788780376,62,25962.15889504061,37481.811258009686,41,2769.6409107998156,11694.707986308898,1
22579.513896366054,50565.32768898738,52,30702.303438006245,8189.922380563714,14,1421.7380827814586,23099.127579992182,1
81574.05806739011,79801.81123117861,26,18681.362260159985,15006.518681992084,47,3541.753733294933,36782.929047094905,2
28146.458804297006,68838.21617036112,25,19314.700110656242,28533.643447954655,19,3328.6188522168004,33153.10449481952,0
24729.034857913408,56913.16629386065,62,48252.17370695743,10945.540804156672,42,4946.714063632793,7304.044517710383,2
24783.921813789362,38375.2172471967,34,45126.98893412357,6939.556095478555,19,1398.7317083054882,29240.048002715364,1
83311.72482082438,57433.75017749831,34,43213.05524757669,16590.127120745245,9,3393.0915630425034,25016.41328606338,2
69867.749862658,51622.4878346991,50,23270.531076774976,31809.00511993127,33,354.91639964428975,36761.211172124895,2
57075.88822922074,45565.00303342229,49,5616.4347684011545,19478.753764484114,23,656.8655896139251,9286.849589760404,0
42294.74357111522,27842.62260441197,25,8610.001090507134,27854.052266777875,14,119.20003726035698,23691.263962162982,2
88948.04867317974,73196.25291442801,36,19048.836569792165,25286.668402984782,16,4997.3573371923985,35781.19427291623,0
45320.05966803718,46987.07892927935,55,5708.431084805465,5777.646870895314,8,4031.141116022641,19350.832535961003,1
83493.94955244193,31677.350709245904,20,5771.740186183915,39598.899546599736,35,3954.94277219435,21869.822120650348,2
49522.14177131966,42065.56105263738,22,46247.1485739085,6449.983108678572,22,2597.6577689120804,7466.1237183435405,1
43924.99864824168,44847.78515173562,30,36777.132595357434,38873.09581769697,20,1570.3287062366558,14735.027415711878,0
51641.180710264576,69652.27373401246,64,18903.01955306687,24245.246242753936,44,841.194993867112,16357.732720913156,1
37124.00867477279,64016.86283368412,63,10969.005992042892,38710.565947277326,40,1494.906220347672,38079.285706071045,1
77284.8442158626,66158.29361848038,48,28023.60730527847,9016.37597948424,29,1942.2589874527816,14893.357618940567,0
55244.835108323125,20661.875865718834,33,5240.577238446401,22164.298171492963,27,3805.919475203441,21130.40573443782,1
30899.142563213558,44969.23989078569,49,47228.61847361648,10932.643215312051,16,2744.3427656254466,28495.654824749792,1
90961.71159471116,48880.64909811942,39,23666.680372502626,6784.120695785485,38,479.66977012186516,10676.41803427571,1
44550.20992358903,21151.5366093834,46,23105.072985679973,26613.519027180904,40,188.34214389866997,22025.483549965607,2
58919.75750025897,35588.792524702054,39,22576.7123411802,12272.4197336592,41,601.4276797169094,30848.866381656768,1
91582.48998680922,65617.38938732809,60,8119.774867449414,25569.395640064107,7,2111.443697117159,35339.93245594731,0
66181.41963225929,28226.582343739945,20,33724.5007906322,8932.756868214497,13,4672.645293540189,26919.074613184934,2
20520.823663752766,52118.6078871555,27,37985.1628832759,16619.526500144595,22,3223.2721579251856,28416.873036093177,2
94584.89112521276,32912.11232103425,59,35425.642891473064,32357.13953186365,47,4028.946909390024,9419.921540459913,0
66493.72477642761,20727.246478633595,38,11229.597199822743,20296.80326447657,39,2385.235513072288,38102.177403622154,1
40141.50531913775,34472.08745597249,33,31047.807561601665,26971.08952140677,38,1872.1638076557097,9640.092711956882,2
22534.486539704852,78552.42529460322,29,30626.80178775142,27661.02792609411,45,631.1618263114514,32113.55280136294,2
81462.26703432664,68092.22671297938,19,44078.48545736219,34531.42653955528,18,4392.071808712404,14268.57126224116,2
65806.54803356621,77574.598659262,58,22060.744626904114,16372.297804232445,8,3937.484142236724,37675.7600295438,1
58011.49827786894,49271.242635581744,41,21716.86746467454,29055.344690388116,33,923.7786782288531,30198.583877931786,2
90450.33247458619,26584.17192065021,52,32833.717642318356,38656.5532466158,45,2610.0767629936763,31383.479954242914,0
80973.74901020777,52877.56933842158,47,33488.26940747809,30558.51670252538,49,2488.1365588140998,12667.071057095916,1
23650.73917594761,47262.64007359765,47,26117.835229660566,22145.466685121057,19,3162.9486081639902,20506.399182230627,0
38054.98610159934,70661.42496437696,64,24937.67130486895,27075.110557217522,32,4736.31578055718,26623.461810625024,0
32364.022583301918,25884.954847054676,52,27236.64517870472,30888.901421708786,46,2940.88006463615,31949.07663723103,2
76955.16633154092,49294.46822130669,36,43747.03847764903,26429.651799285533,20,2747.0646072152313,8638.578156933636,2
13017.919126220144,29002.919881639056,25,25752.51055642595,5583.65347214437,16,346.5823713798533,38682.786075908494,2
61290.071638418485,39480.5556134036,43,47296.930638642014,11817.072419052904,9,408.2466324883173,36157.72346940946,0
78621.28171666215,64241.42464326798,57,27680.169361834673,33366.38760254131,38,1017.9992775012655,14462.200667345453,1
88908.90730855745,48561.08776212599,24,47714.031193140116,14542.772655936964,46,259.1067812895666,33796.60850613162,2
40787.35738443167,42553.29710874616,47,42477.43558410841,30604.674184639687,5,3742.4291882930606,23141.33730639382,2
83913.15742048116,43668.57671420212,24,21309.40951771231,18024.207533459456,43,3644.3184895704194,21163.226854670655,0
19956.85632596865,47566.8061043592,20,43863.86395834772,23265.95148552801,36,766.6755487150505,16005.193703399189,1
86180.70625610664,67100.99263022342,18,9952.847789050185,7379.065493679129,30,4196.786613896877,25333.900532105738,0
21473.979609878417,73525.08133641406,53,46627.122890435654,11342.894636739835,21,858.4515707459486,30546.11911962592,2
45755.85615043306,77320.0811902357,42,33423.95817873013,38501.89372317321,31,1575.760376287058,19382.65167369654,0
81756.58292015982,67214.2031753177,54,7447.583683504003,36154.83187064199,28,1319.9868058906886,27022.671755290223,2
23492.56846138964,38924.41374488076,18,33991.552564286525,27829.628881466757,39,1924.304783007934,29475.952240435632,1
30632.625570937733,61288.08236519253,32,48841.14443651403,21087.560908500807,46,1347.8524528608132,29889.263595535005,0
75002.73115537596,46256.18744332352,54,8141.029457658302,28651.645251332833,43,2495.859539548415,6818.813434591309,2
74803.2882891467,35280.237322763074,30,29960.946940103884,26651.360118287866,30,2096.2986186379585,35091.17319897734,2
67703.28695967676,70452.29476555536,57,38650.74573917176,24899.328946161422,42,4934.1905048187,21038.86601677668,2
72455.360002039,22305.580937739498,25,41461.63640147891,7071.197515223964,27,374.03911562830575,14184.562859367505,2
58845.19990128365,74105.71952812541,22,23622.235939435814,27148.09137315274,26,796.6887442980229,13461.757761788856,0
32661.915301625748,47688.64787748405,26,14187.495162570935,31912.201559990892,8,358.84688015215215,21905.493949538268,2
41112.63941535275,58232.08860849682,18,6905.402544757273,39792.857912595144,13,3166.6218554136412,36039.10388141357,0
26343.794512128312,59561.235332346965,53,31087.677069375113,5387.749340800839,8,367.09545932722597,18242.165358892642,2
91760.55052002655,73707.06444239218,52,25380.998162042484,30556.07086587368,11,4198.554713143004,31240.401137424014,0
62505.26152895084,58200.18093003244,19,47693.497781736995,25012.626057759317,27,2608.4992903414463,8388.65558455265,0
46076.62750872759,56836.01508560371,57,7727.22084717094,20191.826162833484,6,2682.337360449515,21661.984575287162,2
51580.52232797194,23999.122433641398,40,35842.79045507026,9464.95610999798,28,2851.8130877897515,39709.01491374575,2
95255.50056506338,51104.48131671225,26,6123.479995402573,19317.980202220668,44,936.9871609004326,31965.323097731794,2
23801.626280447217,29010.1400490225,51,12714.537951974424,17403.201404514737,35,1068.6824852609889,12368.497095421455,2
62760.68488151175,64246.026123289135,63,25411.054996527535,15599.046114255976,35,1662.204882077723,22550.451579426874,1
55529.98109960194,50733.31524876047,31,25469.25992612907,30580.78681627727,44,3008.132437527072,13176.86672769983,2
65030.88118911831,60813.6667525012,21,35856.524432013975,29525.39324494923,47,1129.5771021070511,19334.632454187824,2
11629.916543875646,22500.374036143057,47,45959.58656904905,25615.703184331906,38,670.02546295298,32302.940830723768,2
88491.15180497363,25087.520962748193,48,33756.44715117144,37853.268465268025,28,4853.572743450318,31992.86853516413,0
93890.64542352511,62979.403283760934,55,47909.0794033179,17244.903446329907,30,207.71089256715226,12983.51322658348,2
60861.986523028805,24325.060159920402,28,44672.70379450989,13533.067819856284,20,4033.217286146506,37277.8161354201,0
72698.5741489203,24275.403665915517,52,31302.49079888556,27956.615958443985,17,3961.372232917608,25739.88639676894,0
93024.94430595661,20726.508514093246,25,42520.63779134723,11958.492132809104,19,1556.3491578409703,18297.35018367051,0
73651.47708820587,77390.08389796881,20,33915.99246456353,16025.36775141986,31,764.5704184358357,22567.74532733012,0
23728.513862283522,64250.501567540414,31,8535.102391567721,12861.085402620969,8,813.5803688565748,26177.49387032103,1
61865.952415013184,41195.08451012385,30,38325.412546677944,7420.374870147543,20,3517.414924462243,24596.168614602488,2
64604.35417445703,37792.13487725931,62,9270.87985703058,33962.45595724857,34,3249.752296322251,22024.176243766236,0
48171.76041721474,40982.19378475097,49,31733.72512563706,13908.91900225814,48,3935.453803831795,22672.648143129005,2
76279.98120622506,66479.2118708709,51,36618.80926362029,21555.962617005724,34,4693.657744755613,11174.416864976016,0
94093.03132921134,59682.23666422487,62,7993.742369488486,6516.034563900918,40,3490.4440800063007,33445.65165066378,1
93301.16616160987,31111.73407204808,36,15385.759426693929,29476.88131884251,7,863.672529102073,23961.611197935537,0
50575.54342637189,30446.560120045062,55,46205.25045177424,16569.635080720178,26,1292.8688221505124,9587.795159664609,2
20191.424125667974,25903.73898280384,33,32734.152150480335,31065.78547402235,26,4226.749281278261,31815.49855539723,2
98635.70790661011,59618.16318208029,19,16082.870846473921,19434.107116375315,16,1125.599771587622,37635.539243207284,1
85500.82778013407,65862.35973330415,57,36080.5897016603,11851.446224196861,25,455.35935307695894,38155.741473293674,2
21219.641308294016,35902.785699500244,34,31854.938898276032,22961.127879871256,8,3546.0722648070273,17915.620634391045,2
92875.7694355635,21256.69766185477,51,27570.906496307678,9567.659587310392,35,2072.379141901696,9743.090574626392,0
88290.67258559154,24930.30004858564,59,48928.41387446377,20418.870595554814,48,4608.196257474928,23143.98693215728,2
56695.42514134649,78071.60209070182,33,35755.419983337895,16105.691709717028,35,3286.2498483589416,8941.323027222723,0
63214.78921704363,37726.68664864522,55,21894.84993505607,36918.58544698716,27,543.0529911791377,37689.5596479416,1
45910.24334831172,66153.388870288,19,41003.30444345906,7132.505260225198,24,4744.497179542937,11425.28695743011,2
14928.54749398282,57479.81413125583,19,44806.24818145345,29290.60949370097,19,1366.930591837205,13846.805098290743,0
40167.75174813108,42916.37837917375,43,10634.925178257414,11396.290809560258,27,1752.3412029908002,19232.278440973965,2
82256.81037382103,32341.235731733308,30,14024.884003036992,16166.577601628394,32,2071.076027049356,18410.7563995694,0
10416.882070414258,27283.185089564387,64,14730.215410750086,19542.99220717231,20,350.9990523811349,32813.20123392611,1
40014.92545220298,56900.778082332,48,36104.53142239431,36780.5281281241,41,2532.925568929964,20971.08871928368,0
45835.182423184895,66478.02683826728,51,32136.77997739775,13490.23931258388,25,704.2606062689321,10976.88910011679,2
58365.60426441306,58634.25521246784,56,32854.62041143647,8195.808089063457,19,2064.7546007729234,14352.346342012594,0
92787.00547714844,51818.1279949495,20,47334.79848602755,16154.136139668326,21,1818.477961161213,22818.96848156327,2
41171.13949293651,22517.073405898176,25,39916.01897632877,8663.658968743668,41,3886.916408789866,10160.887109914722,1
41225.7881706605,78109.32665566303,40,10757.161603030243,9500.877008619338,17,4035.5355070003825,26407.948647610494,0
76375.11232987736,67922.85149927447,31,20637.818709133146,25084.770929125934,23,851.7231237065313,24801.155729290105,2
50699.61468008265,37569.32220205788,44,24592.714077908102,7131.567658482267,34,1896.1008181582083,30014.58107337902,2
30214.434064598376,78798.21976153104,46,22818.27149364222,6082.580848774811,49,1929.4304890559754,37819.66153827787,2
50719.55645194241,56112.895378179324,56,35118.88741228456,30004.49355146742,22,841.9111752868167,36928.90963854045,0
22677.131834181986,54945.359492434785,56,45135.18964654532,17657.648319436557,18,4012.4221747508336,38112.646632409094,0
25874.828785560097,64884.390765771925,18,18772.31585852546,9388.137223185564,40,3565.418808843574,13565.045895829533,0
54853.099546553174,68706.18728540826,34,29834.471138953355,13876.446980089788,40,1032.87075285547,9604.785732377411,1
47703.29045540931,59388.71643989016,58,40523.42398611135,27473.027757333966,24,1896.9373521096154,15579.684517375697,2
92336.131096129,27685.744781972004,47,23729.81264804072,14643.779849929791,23,618.4446217969197,36327.98104682101,2
42615.45092049698,40296.050359669905,30,12565.315777968313,22308.239379214276,49,3178.212325755915,39021.87161182209,1
62252.95152502391,75685.01841956298,38,26372.793436868673,9259.33573543353,48,694.7224302882364,35076.37328746666,1
66903.78591275774,33476.93671063111,36,7485.013433436281,25583.277316190644,11,4931.077426262097,8850.620239464026,0
11178.501092950028,42330.021430250796,36,47407.25543010246,16062.718934514241,48,3925.3421659705255,38159.97993209276,0
69718.36348150395,45924.612976651755,42,8366.954233773788,26943.895208505077,8,2012.168892961576,19817.530957277508,0
26023.23701827763,46364.29938166713,39,24730.552186276018,33293.8208806408,38,2934.9632681688367,5325.860176682379,0
96496.32857225096,56776.37494967153,48,28844.656748983678,26407.624678649736,6,4565.574899460403,20483.780926186773,0
23379.645497780166,76584.55026468245,34,49338.67245292784,15351.164690825723,9,2815.086473939548,6612.420938641366,0
47316.17113543214,34441.562709950296,40,12470.982063928735,13951.029554190514,14,955.0425833499804,24035.727240639113,1
17681.470127077948,27290.082578055084,49,10149.418337556135,16459.733555670682,36,1955.6464423476807,16849.390960296798,1
99718.68266613527,31848.229391596236,27,5391.776617814461,10761.71796327767,46,4231.409838645753,21570.222675791705,1
55197.550929811834,73215.49401255617,27,12000.714659118603,11341.014779750702,45,3256.643778349128,26460.962626009095,2
63584.65155880394,58748.64875931236,53,14327.284058045043,32674.188566505876,17,3288.5494832356217,35408.038353623706,2
16036.882964958473,37154.407354349605,25,33376.142371239155,18465.64017776057,43,4347.425279873597,28166.5551765175,0
77496.442335926,68956.81633811703,37,14886.805567613017,20259.831319970504,9,4480.467981566273,20191.710396736322,1
28891.50337860272,71682.19978180616,49,5923.436662819635,25791.73129483839,14,4606.983601719237,33679.97487846277,2
90824.88604966424,70790.86032141668,31,42197.82554761199,25637.872330304166,14,564.7610469404649,36695.37481505963,2
28462.567643380644,75135.59201837327,45,21451.806545178504,7358.1905032674,42,2766.2174096191943,9191.598825126903,1
27161.894859729993,35134.4612104017,63,20916.35089613303,34103.927521818296,31,3728.496653969761,23617.6542143477,2
13289.47010632854,65302.5157247767,41,18611.556312556695,11206.42936283788,25,3808.9415411223677,14957.918590985544,2
52486.025059899934,47632.3698364484,32,48891.797471588936,30307.50726173841,12,3072.909389653019,6647.141925693159,1
60835.70199363548,70519.9131734037,39,12655.193778917666,32043.484584485832,5,917.2579424000035,28399.134328989487,2
15913.777548551712,63709.44062969679,47,45420.71287789558,30021.48369319598,32,4007.3607143141553,35196.977211072895,1
79797.48550255095,66586.84678998348,21,39956.14994629496,25264.217629395083,43,3628.545534223234,10701.592906708793,2
50795.99512732249,59369.71026086429,30,8441.597997469089,5511.314898810901,18,522.0652805902778,33434.47801683652,1
57195.124239482204,30645.726168182413,40,49402.80956753819,17613.142232710976,25,2372.6681409044436,34868.85067379296,2
49668.64722444053,52701.6151338163,25,17211.468359255472,26169.380027690342,34,952.4892576568375,37001.915493326924,2
46068.67547877934,79080.1843714705,35,9436.231716008555,18560.795357288855,25,1753.6375239935621,14284.978118011835,1
60367.62981773961,76243.28398982713,29,42319.14053565917,35221.79632194846,13,188.59735180785862,36638.357281646124,2
23971.622133764125,22590.4241478207,48,36800.39901549649,15808.079637236537,21,2061.6163552127155,16223.196415775128,1
26373.5317445744,29888.88894376623,31,32774.84626450554,15273.717736053115,9,2794.3969136654314,24331.830470942597,1
87560.70589121655,27903.726407273716,51,12019.13886645199,14309.91925824303,35,3135.9547048527256,6767.761479129875,2
95150.39159202695,63558.79459911773,35,26532.325231518284,16647.330413627842,44,3351.1026911306794,6535.838092906026,0
43597.83846517777,69067.11979141671,51,40125.02120992462,24509.17375099655,42,4197.827434202054,30213.0624456271,2
34367.02058291984,32810.681978640314,28,18663.07721647281,29745.53529954068,47,1155.7682456510772,20556.799229222685,0
67959.95889151143,50351.16157710974,58,19026.042283176866,28189.87712085748,23,690.360929948493,13970.233137922614,0
46786.075398828674,70442.181680672,29,5141.340772165495,33270.12369935178,40,4272.532142299836,11664.472360871856,2
12284.772009431037,63968.09268597503,32,12840.95307404208,36006.98984240987,37,867.4027929739844,28448.37218007263,0
24053.733762957134,52534.232329510894,48,44393.253130482546,33562.766482017294,17,4876.324398547357,5014.054040886896,1
74437.50059626577,55420.861427526375,46,24878.592123696817,5663.08911810241,18,4228.437324053321,33206.190921889895,1
69303.15477191363,50501.632814976794,43,49290.552465549525,30757.128374319607,37,2554.295368859036,7773.736214547509,0
12438.639325313514,37852.90707912923,35,22806.858360820665,12293.985076641606,33,4908.964982117924,11702.136521784181,1
29977.49457396545,53901.31957154097,49,37183.39046511086,9652.481494779393,47,577.1459726292206,18518.273835468135,2
30796.731692926427,61333.11812300544,39,17686.356930712813,27347.10746796974,40,1585.022229757998,21970.055890063628,1
70470.34692388555,72399.37495164847,55,21371.433851342008,16191.011839269322,48,3227.299633698996,17424.829053487963,0
11773.948397892775,58177.48123875488,34,13582.66944159026,6999.1007179655135,14,1815.0336555185759,16224.925774450287,2
19369.772378611648,65667.29222258949,40,20617.806582472775,9817.040703942646,35,4649.02550470588,38737.0604225616,1
81992.44768358704,29604.29809727438,41,29625.68841892894,5032.5295904486375,10,421.56783207130604,27455.2888435188,2
26069.019584890026,47693.44846518739,25,49629.77964406623,36612.82695706475,5,2792.1179770987264,5820.1534378585875,0
68747.14970666872,20559.897189625597,58,34889.077088230355,5861.629434443351,11,2995.244710236061,20056.15679555096,1
31436.450294205388,34800.73187129738,23,13966.067948374131,12330.951932832886,31,3298.367806508398,35625.30449103896,2
18949.725348341064,63587.70290678029,22,7023.264871619801,19569.197324076755,25,1352.7644943258908,15550.966524373378,2
31885.497189950867,79508.5970809618,61,10686.041659152977,17479.99640827867,32,1886.3754948473359,8309.472067103588,1
75004.02386700932,25950.685975232955,46,30314.984057287133,36910.40569194715,20,4234.03459535839,31543.467005647122,2
87012.68212956571,44089.658951677295,45,39432.21479675449,6410.113100708973,27,1055.219567953783,26210.484117762844,2
84719.78781102924,68004.25812194956,28,47318.86432853361,22927.514768696805,24,4151.652451149474,24960.937773927635,0
45746.51766566093,32242.13807773393,18,5712.042739856937,28816.78118835309,42,2857.0115722234377,6875.179586259277,0
70127.66229135815,53305.096958137176,60,28524.20637028414,37609.42907884091,29,3834.7188048510025,9917.465342843107,0
28448.586587423888,63984.27776178049,36,26189.031030042956,26712.993824330235,32,3596.6760946910103,26789.228867458984,0
36383.29572349119,56959.12701561074,26,34522.47598890668,33131.43326041169,9,1116.806327385907,12273.834451059254,0
90670.22366690078,31281.484076924968,44,30181.048450940387,7930.3728245871935,25,2887.182408525977,22642.45279119485,0
11170.173115966243,41323.07412114437,51,35916.76177621163,18507.88288279246,22,4351.843448744953,24070.85901102877,1
17695.76777690213,67027.50706912384,61,34613.716313713565,18088.149706767363,10,2217.3695603294536,14922.75165948288,0
28709.76296314246,53253.590847921,21,10265.527618607579,36020.08757595012,33,4836.294774094252,38194.88044395225,2
12387.898348643774,20313.776812574764,53,40987.30611284238,10297.990994214622,23,2315.8539904984186,34486.24373924513,1
26329.18915808176,65659.44560168563,35,10545.465907234618,10316.01603178206,37,799.6496196726349,30283.072767147947,2
62473.7404872723,22118.681296414343,32,36433.87813441117,16499.535246002946,5,2008.229932380599,7729.7853243293175,0
47928.209553324814,64744.02696387393,30,23726.5415438273,6906.311657839316,49,4763.341791313632,8714.55067581568,0
90340.45399692774,32148.833609914247,36,28123.283055946908,11386.031422837152,7,1666.6321617652857,22247.34710527345,2
83569.92055645968,77484.4088071628,23,45648.410646906974,38782.33734910073,46,4353.680983348608,10624.9672216845,2
40763.561652808836,42076.44507812506,29,45044.76769130689,19986.43789535105,25,4418.12834024126,39239.291223531596,2
33348.10900881632,39615.89698028474,54,41803.53375447633,27120.672294785276,39,1815.9139692266092,10548.20819095933,1
44172.316735054024,28933.28301994668,34,27956.677120534547,30413.894077062294,45,507.9625244480974,22061.37424123909,0
63126.5448263327,38336.25292941289,40,38130.79145602249,17843.649245252018,44,3650.333754878209,17744.23698945269,2
34125.727674058864,72599.04570969203,43,28080.367498346423,10152.947604368095,7,1626.4102651685316,27378.52475089343,0
66173.40170642207,79780.06025763485,46,44132.273711364986,12230.33556776233,29,3936.3257098621048,9516.274311129873,2
46847.04869721164,42098.5718304109,50,23124.912495480494,15964.326680321363,49,2269.008756476122,20061.07498148368,0
59684.24627667822,46916.63785727255,44,48660.59049866946,27262.3947123279,42,2477.807037478846,14614.676148250028,1
49251.3876221785,63324.256292164224,42,46954.52412029949,18939.819218116907,49,3911.7560930678305,36071.30336350908,0
36501.918358772586,73171.74682790447,27,38372.11787533035,5238.514426504485,24,1973.5803222019767,6420.499924714328,2
95360.7976265941,55582.66005120705,64,17573.71478792324,23319.251477361515,48,2271.323992082281,36980.462290226074,0
78724.52147437847,43491.54189066976,40,10924.411495696628,37252.96871675963,49,1943.3332969711485,34154.794849355014,1
22610.18581898073,44757.31045091743,38,43461.65525419389,33422.716385303764,38,1899.9685248586718,15414.975075428541,1
88162.11783081215,61737.08878980841,38,12438.602876208257,33882.39799408709,25,2677.138226817151,32625.172913698665,0
53868.807842456226,20193.095816256722,60,43441.735504880104,32827.030616214586,27,4063.1172780556385,6092.474611856164,2
90509.70042046823,57175.36024759044,30,27084.42530205622,16330.578896364828,10,1872.6647284205728,38840.294260268776,1
81986.97303525837,41329.580626481446,54,23295.05527136469,31781.78418140372,17,2668.84813063491,23430.822990642628,1
48269.21540223101,67651.83987662505,50,45643.58504754931,10010.647523391755,27,3386.563894668744,15614.835912290584,0
12022.237748810567,25579.438389387928,41,32173.294214312507,28020.065154658372,13,1420.2532868879096,17690.4124408137,1
34180.962344645144,55292.13601690343,61,30947.6303208373,27454.899833974803,21,1459.8617440217236,7324.187371117408,1
58747.07931947802,48858.37339316742,28,30144.467508097896,5894.942968140714,6,4673.724322414929,39627.23299147137,2
67013.03978435326,58539.531554313646,34,21702.628220878913,32578.954675682606,23,3645.319409322334,6375.218080274236,2
33209.89168898821,23891.2156689781,21,40353.93965881073,36613.68367832957,23,2928.2147134942134,27921.749310175066,2
22542.04666655417,54799.027245687874,64,16375.929980709785,14359.534746523768,11,3273.828266660999,20495.757469726042,0
85143.72131193693,53689.07527757142,42,47250.27320185737,33433.67534651528,46,243.56727120674998,38212.067636605025,1
98596.1962633197,53639.60566497026,47,45229.334227113235,7884.209015168187,46,3128.7045312523146,13609.990910737832,0
57312.11640724172,56209.25999578729,26,20186.614655370417,25998.87503913731,24,2596.5934787985893,23623.038837830398,1
25451.135726347315,60588.076233581734,38,37825.86964242487,21997.6402866997,13,2774.1734309192348,21882.467300396354,1
34507.65938674321,68299.33998084618,37,30795.043750231616,24107.323665815,21,1861.1767514710036,29600.325541753547,1
11655.160889272007,36189.24320769286,36,20194.218589965556,37417.182065952074,31,499.2220987934153,7380.358118334718,2
92286.89259044491,69502.96461080373,36,49483.4741597951,35496.03365363987,6,1047.3622446990557,11782.61955081742,0
20597.5974601127,49895.34093580722,29,6135.680563171889,32477.928003391495,40,4758.649094742092,12509.768703249745,0
61886.48279628282,24623.49674805987,54,16369.0713779579,14579.446018742985,23,2102.6278551275764,30835.27641945914,1
34664.96986184854,23513.05575463875,59,28403.33275000177,36913.65200401321,21,2386.747463571234,11619.854371435904,0
59876.02022642141,40054.299121763645,34,28487.885156535376,8412.769236235634,9,358.2779702818511,25072.211736184185,2
68627.83495166778,67093.81862668805,54,31501.988372550386,34866.52257955757,43,284.07452476550486,12533.53371753338,0
84676.76233364815,62460.85608445494,56,38825.427741031366,16485.602532376273,22,3614.1890905291125,35156.873252939244,1
28577.91445845429,67316.89788034439,45,33056.502373368334,6882.030908169418,11,2736.6638541934453,37976.49090713735,2
10989.624579263244,51036.143386496566,58,32012.665723761664,28427.49444842619,21,2592.6593226597065,23147.254122978415,2
22319.706706192657,46411.93987732944,52,7408.1508310869485,13094.797491058442,43,1291.3101990710766,17330.81094732124,1
91001.67776632946,28847.15160237704,64,21943.862950518425,13524.989405262117,40,3749.278584986619,13192.02212561247,0
88650.10698062637,39691.565216558694,35,15442.50828655202,15711.650818007001,44,924.3592376316102,6742.335053306531,1
63767.17919532775,46041.16197043251,31,16941.655022088897,7228.966862588086,49,1030.680243938998,14397.502666912338,0
64046.5174390288,25316.025780777032,52,29945.18634531552,11199.450046938891,8,2357.4896396065496,27898.252298086125,0
69853.30070916298,33236.71716267268,61,13977.73917183238,5179.88696549461,42,1502.7713243485105,23676.592595822378,2
25783.41507611046,55893.51764382433,58,18227.709545760386,20589.333238702537,29,1312.5686080424173,38041.44473983246,1
92297.07513324638,64139.78685435139,24,15668.811883280305,7948.9382096289955,9,3261.6644583113252,18869.70418720952,2
47689.34724028658,79900.85068357698,58,47682.632444818766,28892.841176546965,34,3289.761551570868,29285.21698149381,1
44482.46754245477,75986.79988061346,30,47509.95794769928,13246.799791707694,16,4140.133642019653,22126.29616162925,1
56702.59347545538,58553.91197211149,35,32447.370136822326,38025.0950412312,8,2146.7719781675814,22940.16755734741,2
14226.937009754954,45274.88319764432,54,46603.5110929355,35493.806958952846,28,458.11694602813617,14372.101011144112,1
24965.503188047147,58170.64188249396,30,40361.569046076795,15130.43132388729,33,1440.9652861151426,20923.27718946999,1
76423.02547837334,67139.09708481393,53,31547.654726081393,32412.540912983757,13,4902.026769664403,21477.474895444753,0
17451.88011326138,27100.171455403237,48,5289.584517355807,33113.571663268216,8,3021.6670186402403,29732.48826121269,1
64283.68985197494,44594.293381777294,19,39763.23287357318,39529.708994004366,28,3577.7117155249994,37922.39997151399,1
32081.419871318885,70388.13713813704,33,36611.975371481094,25924.399539598973,18,136.05336516453121,16526.24471188765,2
45036.60526377789,43029.97711598264,26,32686.41439770863,7868.8007125281765,9,2639.2080876943523,6477.016400345446,2
35982.43630936299,54312.33627363119,26,39219.09402571122,27639.303012423334,22,283.8904219058353,22370.329392522388,1
42010.54448184543,55266.16165173189,55,28081.497414864458,26874.291193161233,46,2889.2280392480952,24056.1466252209,0
74714.1314665821,31068.57518801836,28,36683.747209460256,27342.270209715112,23,4611.77716321677,10895.419289617033,0
36740.95440608575,41734.1264991373,39,47082.7439026922,15750.097683647404,16,4845.253739451999,31616.261219662334,2
60976.417626720744,40070.67732451593,50,21911.225713073884,35088.78547781165,22,2748.7081094057285,39472.518795452204,1
52844.53619791897,21571.80251192389,53,36865.48257052814,38581.52640343942,21,2345.2035457358584,38102.11509529613,1
69730.40488263834,21451.505833481315,62,26405.95181049314,12619.937954235304,34,4730.583761817621,11898.711358827826,0
94314.67653922823,69901.82262054642,40,35347.984331629166,8085.325534782556,28,3400.688176783806,35637.713396526626,0
75931.48874892252,36384.248598368744,62,39330.200099946385,11808.726160896942,15,418.00646973820636,29657.277274408963,0
29344.63407316811,51084.725974328925,62,7045.362519610819,33719.32487395016,39,2382.055330570738,20884.629733241905,2
12806.48215551562,37923.53441532639,51,34097.019977689786,28682.562218694664,27,1277.200590475089,23921.384801365515,1
33603.76398698425,76440.75470692043,26,15203.353298312506,27261.656981869433,21,2402.0411750985395,34736.00612438603,2
63557.01376302294,35557.805531946426,41,35151.46420134051,19062.759728829857,5,2331.7813028311725,21804.72288734306,1
14628.323213582531,45779.408764336105,25,26074.858367021607,25223.97900290025,19,2952.5095337922357,18062.25791867944,2
54672.96224811127,72363.81502907611,24,39809.87338391993,15775.59438460286,36,1848.1754027113311,22263.662255909505,1
63715.85640252003,70516.01400750852,53,10553.036684251838,21702.002779628645,13,904.9252023340475,25269.543141226717,0
40081.95017352648,31166.085070776637,35,33184.50582452878,32757.205992972955,19,2568.2252294907858,11617.71788224221,0
79382.09833712397,68158.59858774263,20,17531.182801739855,39343.45591094117,32,4167.994133294234,36531.77055934467,0
19593.842782039465,47491.21320427356,45,43384.18978987662,37637.112325643066,28,3353.6599175312513,28596.543209036485,2
16762.400356222788,48978.13232512132,23,46777.257753633836,37685.30799961871,39,1758.0025430335577,27164.412106812113,0
75536.9880583243,28008.798344956627,61,49837.923215557494,19077.830719648933,26,4684.062811518401,8482.367916322335,1
54594.218458557865,24836.09082542748,61,40820.33310922775,21407.645817737684,31,4569.817099120993,26146.08783604071,2
71956.21567849624,63676.35841842591,38,38918.033169260205,29697.238872914353,23,1125.807156982084,9233.623178347232,1
49134.46047433716,49787.66914131798,45,14697.534149039797,37276.71748179495,49,293.1461670897786,7754.4186318389675,2
32176.182991519614,46211.04215691077,57,20120.317654554892,9969.799077322963,16,3732.412670918735,23455.881347483766,1
83719.20859067797,63770.4937191438,18,25955.71437930258,15648.46523395185,24,4155.2902806108505,19097.493691627322,1
81947.42910720814,65930.77393946658,53,39802.147150201235,9873.639560793832,5,4842.536373161641,25608.359455467813,2
72522.68237689842,29534.490060161213,38,46173.46392850859,26420.298548580937,25,4460.198331032722,8122.7758820033505,2
34493.062350696644,56613.508968658476,60,13511.259501034308,15720.534891063813,49,3042.620364211433,20084.407199654044,0
63120.760018217836,28121.244936661133,52,46506.53681015463,16413.774837940073,5,2697.256462140666,11117.535026580528,0
42487.65072460241,65082.50516174274,30,36303.10935593261,7482.058582079273,14,236.42115118667283,39548.50300734408,1
18242.386599397076,59417.309376028374,27,32484.68288082674,17242.862163265716,36,1308.6165895394113,24640.257435231102,1
92558.22179160186,77396.87726500747,61,13992.857207687279,35187.37775905548,43,2352.1122834913394,29060.290132930357,1
22313.676782706527,24137.48098138527,64,7498.626476411775,13157.548416179223,26,3179.6691104094825,16389.639823891273,2
95521.36184387222,23423.28326907526,27,30580.920432857296,29331.561317352298,22,2830.533983260212,8315.862017277046,2
50140.51956621602,36931.22448159201,63,34318.20574980016,27036.992072850742,36,3738.9163494402837,39155.480197423785,0
